,harvestDate,harvester,bioSampleNumber,experimentDesign,strain,genotype,treatment,timePoint,replicate,marker_1,marker_2,experimentObservations,floodmedia,inductionDelay,rnaDate,rnaPreparer,rnaSampleNumber,rnaPrepMethod,roboticRNAPrep,RIBOSOMAL_BAND,RIBOSOMAL_BAND_SHAPE,SMALL_RNA_BANDS,RIN,s1cDNADate,s1cDNAPreparer,s1cDNASampleNumber,polyAIsolationProtocol,s1cDNAProtocol,roboticS1Prep,s1PrimerSeq,s2cDNADate,s2cDNAPreparer,s2cDNASampleNumber,s2cDNAProtocol,roboticS2Prep,libraryDate,libraryPreparer,librarySampleNumber,index1Name,index1Sequence,index2Name,index2Sequence,libraryProtocol,roboticLibraryPrep,runNumber,purpose,fastqFileName,sequencerModel,flowcellType,tapestationConc,volumePooled,readsObtained,laneNumber
636,05.20.19,H.BROWN,1,Environmental_Perturbation,TDY451,CNAG_00000,PBS,0,1,,,,,,06.05.19,H.BROWN,1.0,TRIzol,0.0,,,,,07.02.19,H.BROWN,1.0,E7490L,E7420L,0.0,random,07.02.19,H.BROWN,1.0,E7420L,False,07.02.19,H.BROWN,1.0,Index1_1,TGAGGTT,SIC_Index2_10,GCTTCTGT,E7420L,False,3722,fullRNASeq,Brent_2a_1_GTAC_1_SIC_Index2_10_TGAGGTTATC_GCTTCTGT_S2_R1_001.fastq.gz,NextSeq,HighOutput,5.77,1.00990038138507,7833442.0,
637,05.20.19,H.BROWN,2,Environmental_Perturbation,TDY451,CNAG_00000,PBS,0,1,,,,,,06.05.19,H.BROWN,2.0,TRIzol,0.0,,,,,07.02.19,H.BROWN,2.0,E7490L,E7420L,0.0,random,07.02.19,H.BROWN,2.0,E7420L,False,07.02.19,H.BROWN,2.0,Index1_2,GCTTAGA,SIC_Index2_10,GCTTCTGT,E7420L,False,3722,fullRNASeq,Brent_2a_2_GTAC_2_SIC_Index2_10_GCTTAGAATC_GCTTCTGT_S3_R1_001.fastq.gz,NextSeq,HighOutput,8.61,0.811658640760437,8535985.0,
638,05.20.19,H.BROWN,3,Environmental_Perturbation,TDY451,CNAG_00000,DMEM.30C.cAMP,30,1,,,,,,06.05.19,H.BROWN,3.0,TRIzol,0.0,,,,,07.02.19,H.BROWN,3.0,E7490L,E7420L,0.0,random,07.02.19,H.BROWN,3.0,E7420L,False,07.02.19,H.BROWN,3.0,Index1_3,ATGACAG,SIC_Index2_10,GCTTCTGT,E7420L,False,3722,fullRNASeq,Brent_2a_3_GTAC_3_SIC_Index2_10_ATGACAGATC_GCTTCTGT_S4_R1_001.fastq.gz,NextSeq,HighOutput,3.69,0.818700265251989,8586676.0,
639,05.20.19,H.BROWN,4,Environmental_Perturbation,TDY451,CNAG_00000,DMEM.37C.cAMP,30,1,,,,,,06.05.19,H.BROWN,4.0,TRIzol,0.0,,,,,07.02.19,H.BROWN,4.0,E7490L,E7420L,0.0,random,07.02.19,H.BROWN,4.0,E7420L,False,07.02.19,H.BROWN,4.0,Index1_4,CACCTCC,SIC_Index2_10,GCTTCTGT,E7420L,False,3722,fullRNASeq,Brent_2a_4_GTAC_4_SIC_Index2_10_CACCTCCATC_GCTTCTGT_S5_R1_001.fastq.gz,NextSeq,HighOutput,0.885,1.61652383351069,8635440.0,
640,05.20.19,H.BROWN,5,Environmental_Perturbation,TDY451,CNAG_00000,RPMI.30C.cAMP,30,1,,,,,,06.05.19,H.BROWN,5.0,TRIzol,0.0,,,,,07.02.19,H.BROWN,5.0,E7490L,E7420L,0.0,random,07.02.19,H.BROWN,5.0,E7420L,False,07.02.19,H.BROWN,5.0,Index1_5,ATCGAGC,SIC_Index2_10,GCTTCTGT,E7420L,False,3722,fullRNASeq,Brent_2a_5_GTAC_5_SIC_Index2_10_ATCGAGCATC_GCTTCTGT_S6_R1_001.fastq.gz,NextSeq,HighOutput,2.71,0.604071224932716,8640316.0,
641,05.20.19,H.BROWN,6,Environmental_Perturbation,TDY451,CNAG_00000,RPMI.37C.cAMP,30,1,,,,,,06.05.19,H.BROWN,6.0,TRIzol,0.0,,,,,07.02.19,H.BROWN,6.0,E7490L,E7420L,0.0,random,07.02.19,H.BROWN,6.0,E7420L,False,07.02.19,H.BROWN,6.0,Index1_6,TACTCTA,SIC_Index2_10,GCTTCTGT,E7420L,False,3722,fullRNASeq,Brent_2a_6_GTAC_6_SIC_Index2_10_TACTCTAATC_GCTTCTGT_S7_R1_001.fastq.gz,NextSeq,HighOutput,24.0,0.859058861905074,7273005.0,
642,05.20.19,H.BROWN,7,Environmental_Perturbation,TDY451,CNAG_00000,YPD.30C.cAMP,30,1,,,,,,06.05.19,H.BROWN,7.0,TRIzol,0.0,,,,,07.02.19,H.BROWN,7.0,E7490L,E7420L,0.0,random,07.02.19,H.BROWN,7.0,E7420L,False,07.02.19,H.BROWN,7.0,Index1_7,AGACTGA,SIC_Index2_10,GCTTCTGT,E7420L,False,3722,fullRNASeq,Brent_2a_7_GTAC_7_SIC_Index2_10_AGACTGAATC_GCTTCTGT_S8_R1_001.fastq.gz,NextSeq,HighOutput,10.9,0.788097236181722,9414942.0,
643,05.20.19,H.BROWN,8,Environmental_Perturbation,TDY451,CNAG_00000,YPD.37C.cAMP,30,1,,,,,,06.05.19,H.BROWN,8.0,TRIzol,0.0,,,,,07.02.19,H.BROWN,8.0,E7490L,E7420L,0.0,random,07.02.19,H.BROWN,8.0,E7420L,False,07.02.19,H.BROWN,8.0,Index1_8,CTTGGAA,SIC_Index2_10,GCTTCTGT,E7420L,False,3722,fullRNASeq,Brent_2a_8_GTAC_8_SIC_Index2_10_CTTGGAAATC_GCTTCTGT_S9_R1_001.fastq.gz,NextSeq,HighOutput,23.0,0.882362956016643,9169569.0,
644,05.20.19,H.BROWN,9,Environmental_Perturbation,TDY451,CNAG_00000,DMEM.30C.cAMP,90,1,,,,,,06.05.19,H.BROWN,9.0,TRIzol,0.0,,,,,07.02.19,H.BROWN,9.0,E7490L,E7420L,0.0,random,07.02.19,H.BROWN,9.0,E7420L,False,07.02.19,H.BROWN,9.0,Index1_9,CCGATTA,SIC_Index2_10,GCTTCTGT,E7420L,False,3722,fullRNASeq,Brent_2a_9_GTAC_9_SIC_Index2_10_CCGATTAATC_GCTTCTGT_S10_R1_001.fastq.gz,NextSeq,HighOutput,0.6779999999999999,1.37324723979233,9091009.0,
646,05.20.19,H.BROWN,10,Environmental_Perturbation,TDY451,CNAG_00000,DMEM.37C.cAMP,90,1,,,,,,06.05.19,H.BROWN,10.0,TRIzol,0.0,,,,,07.02.19,H.BROWN,10.0,E7490L,E7420L,0.0,random,07.02.19,H.BROWN,10.0,E7420L,False,07.02.19,H.BROWN,10.0,Index1_10,GGCAGCG,SIC_Index2_10,GCTTCTGT,E7420L,False,3722,fullRNASeq,Brent_2a_10_GTAC_10_SIC_Index2_10_GGCAGCGATC_GCTTCTGT_S11_R1_001.fastq.gz,NextSeq,HighOutput,0.226,11.5511072441658,3121.0,
647,05.20.19,H.BROWN,11,Environmental_Perturbation,TDY451,CNAG_00000,RPMI.30C.cAMP,90,1,,,,,,06.05.19,H.BROWN,11.0,TRIzol,0.0,,,,,07.02.19,H.BROWN,11.0,E7490L,E7420L,0.0,random,07.02.19,H.BROWN,11.0,E7420L,False,07.02.19,H.BROWN,11.0,Index1_11,CCATCAT,SIC_Index2_10,GCTTCTGT,E7420L,False,3722,fullRNASeq,Brent_2a_11_GTAC_11_SIC_Index2_10_CCATCATATC_GCTTCTGT_S12_R1_001.fastq.gz,NextSeq,HighOutput,46.6,0.800468638240021,7900814.0,
648,05.20.19,H.BROWN,12,Environmental_Perturbation,TDY451,CNAG_00000,RPMI.37C.cAMP,90,1,,,,,,06.05.19,H.BROWN,12.0,TRIzol,0.0,,,,,07.02.19,H.BROWN,12.0,E7490L,E7420L,0.0,random,07.02.19,H.BROWN,12.0,E7420L,False,07.02.19,H.BROWN,12.0,Index1_12,TAACAAG,SIC_Index2_10,GCTTCTGT,E7420L,False,3722,fullRNASeq,Brent_2a_12_GTAC_12_SIC_Index2_10_TAACAAGATC_GCTTCTGT_S13_R1_001.fastq.gz,NextSeq,HighOutput,60.6,0.832449485839543,6381707.0,
649,05.20.19,H.BROWN,13,Environmental_Perturbation,TDY451,CNAG_00000,YPD.30C.cAMP,90,1,,,,,,06.05.19,H.BROWN,13.0,TRIzol,0.0,,,,,07.02.19,H.BROWN,13.0,E7490L,E7420L,0.0,random,07.02.19,H.BROWN,13.0,E7420L,False,07.02.19,H.BROWN,13.0,Index1_13,GAGGCGT,SIC_Index2_10,GCTTCTGT,E7420L,False,3722,fullRNASeq,Brent_2a_13_GTAC_13_SIC_Index2_10_GAGGCGTATC_GCTTCTGT_S14_R1_001.fastq.gz,NextSeq,HighOutput,14.8,0.774119934310581,7140764.0,
650,05.20.19,H.BROWN,14,Environmental_Perturbation,TDY451,CNAG_00000,YPD.37C.cAMP,90,1,,,,,,06.05.19,H.BROWN,14.0,TRIzol,0.0,,,,,07.02.19,H.BROWN,14.0,E7490L,E7420L,0.0,random,07.02.19,H.BROWN,14.0,E7420L,False,07.02.19,H.BROWN,14.0,Index1_14,TTTAACT,SIC_Index2_10,GCTTCTGT,E7420L,False,3722,fullRNASeq,Brent_2a_14_GTAC_14_SIC_Index2_10_TTTAACTATC_GCTTCTGT_S15_R1_001.fastq.gz,NextSeq,HighOutput,17.5,0.707918014944888,8622101.0,
651,05.20.19,H.BROWN,15,Environmental_Perturbation,TDY451,CNAG_00000,DMEM.30C.cAMP,180,1,,,,,,06.05.19,H.BROWN,15.0,TRIzol,0.0,,,,,07.02.19,H.BROWN,15.0,E7490L,E7420L,0.0,random,07.02.19,H.BROWN,15.0,E7420L,False,07.02.19,H.BROWN,15.0,Index1_15,GGTCCTC,SIC_Index2_10,GCTTCTGT,E7420L,False,3722,fullRNASeq,Brent_2a_15_GTAC_15_SIC_Index2_10_GGTCCTCATC_GCTTCTGT_S16_R1_001.fastq.gz,NextSeq,HighOutput,1.69,0.868283789352972,8671457.0,
653,05.20.19,H.BROWN,16,Environmental_Perturbation,TDY451,CNAG_00000,DMEM.37C.cAMP,180,1,,,,,,06.05.19,H.BROWN,16.0,TRIzol,0.0,,,,,07.02.19,H.BROWN,16.0,E7490L,E7420L,0.0,random,07.02.19,H.BROWN,16.0,E7420L,False,07.02.19,H.BROWN,16.0,Index1_16,CGGTGGC,SIC_Index2_10,GCTTCTGT,E7420L,False,3722,fullRNASeq,Brent_2a_16_GTAC_16_SIC_Index2_10_CGGTGGCATC_GCTTCTGT_S17_R1_001.fastq.gz,NextSeq,HighOutput,0.188,17.6493480477855,41432.0,
654,05.20.19,H.BROWN,17,Environmental_Perturbation,TDY451,CNAG_00000,RPMI.30C.cAMP,180,1,,,,,,06.05.19,H.BROWN,17.0,TRIzol,0.0,,,,,07.02.19,H.BROWN,17.0,E7490L,E7420L,0.0,random,07.02.19,H.BROWN,17.0,E7420L,False,07.02.19,H.BROWN,17.0,Index1_17,ACTGTCG,SIC_Index2_10,GCTTCTGT,E7420L,False,3722,fullRNASeq,Brent_2a_17_GTAC_17_SIC_Index2_10_ACTGTCGATC_GCTTCTGT_S18_R1_001.fastq.gz,NextSeq,HighOutput,27.0,0.764012852834104,9996896.0,
655,05.20.19,H.BROWN,18,Environmental_Perturbation,TDY451,CNAG_00000,RPMI.37C.cAMP,180,1,,,,,,06.05.19,H.BROWN,18.0,TRIzol,0.0,,,,,07.02.19,H.BROWN,18.0,E7490L,E7420L,0.0,random,07.02.19,H.BROWN,18.0,E7420L,False,07.02.19,H.BROWN,18.0,Index1_18,GTATTTG,SIC_Index2_10,GCTTCTGT,E7420L,False,3722,fullRNASeq,Brent_2a_18_GTAC_18_SIC_Index2_10_GTATTTGATC_GCTTCTGT_S19_R1_001.fastq.gz,NextSeq,HighOutput,37.0,0.900089901164443,9340764.0,
656,05.20.19,H.BROWN,19,Environmental_Perturbation,TDY451,CNAG_00000,YPD.30C.cAMP,180,1,,,,,,06.05.19,H.BROWN,19.0,TRIzol,0.0,,,,,07.02.19,H.BROWN,19.0,E7490L,E7420L,0.0,random,07.02.19,H.BROWN,19.0,E7420L,False,07.02.19,H.BROWN,19.0,Index1_19,GAGTACG,SIC_Index2_10,GCTTCTGT,E7420L,False,3722,fullRNASeq,Brent_2a_19_GTAC_19_SIC_Index2_10_GAGTACGATC_GCTTCTGT_S20_R1_001.fastq.gz,NextSeq,HighOutput,27.2,0.811058183966646,9326794.0,
657,05.20.19,H.BROWN,20,Environmental_Perturbation,TDY451,CNAG_00000,YPD.37C.cAMP,180,1,,,,,,06.05.19,H.BROWN,20.0,TRIzol,0.0,,,,,07.02.19,H.BROWN,20.0,E7490L,E7420L,0.0,random,07.02.19,H.BROWN,20.0,E7420L,False,07.02.19,H.BROWN,20.0,Index1_20,ACAGATA,SIC_Index2_10,GCTTCTGT,E7420L,False,3722,fullRNASeq,Brent_2a_20_GTAC_20_SIC_Index2_10_ACAGATAATC_GCTTCTGT_S21_R1_001.fastq.gz,NextSeq,HighOutput,37.0,0.82489650077284,7913578.0,
659,05.20.19,H.BROWN,21,Environmental_Perturbation,TDY451,CNAG_00000,DMEM.30C.cAMP,1440,1,,,,,,06.05.19,H.BROWN,21.0,TRIzol,0.0,,,,,07.02.19,H.BROWN,21.0,E7490L,E7420L,0.0,random,07.02.19,H.BROWN,21.0,E7420L,False,07.02.19,H.BROWN,21.0,Index1_21,CTCAATG,SIC_Index2_10,GCTTCTGT,E7420L,False,3722,fullRNASeq,Brent_2a_21_GTAC_21_SIC_Index2_10_CTCAATGATC_GCTTCTGT_S22_R1_001.fastq.gz,NextSeq,HighOutput,0.174,9.57007010960798,1154752.0,
661,05.20.19,H.BROWN,22,Environmental_Perturbation,TDY451,CNAG_00000,DMEM.37C.cAMP,1440,1,,,,,,06.05.19,H.BROWN,22.0,TRIzol,0.0,,,,,07.02.19,H.BROWN,22.0,E7490L,E7420L,0.0,random,07.02.19,H.BROWN,22.0,E7420L,False,07.02.19,H.BROWN,22.0,Index1_22,AAATGCA,SIC_Index2_10,GCTTCTGT,E7420L,False,3722,fullRNASeq,Brent_2a_22_GTAC_22_SIC_Index2_10_AAATGCAATC_GCTTCTGT_S23_R1_001.fastq.gz,NextSeq,HighOutput,0.163,95.0903649921507,509.0,
662,05.20.19,H.BROWN,23,Environmental_Perturbation,TDY451,CNAG_00000,RPMI.30C.cAMP,1440,1,,,,,,06.05.19,H.BROWN,23.0,TRIzol,0.0,,,,,07.02.19,H.BROWN,23.0,E7490L,E7420L,0.0,random,07.02.19,H.BROWN,23.0,E7420L,False,07.02.19,H.BROWN,23.0,Index1_23,ACGCGGG,SIC_Index2_10,GCTTCTGT,E7420L,False,3722,fullRNASeq,Brent_2a_23_GTAC_23_SIC_Index2_10_ACGCGGGATC_GCTTCTGT_S24_R1_001.fastq.gz,NextSeq,HighOutput,6.16,1.02749388270916,11283597.0,
663,05.20.19,H.BROWN,24,Environmental_Perturbation,TDY451,CNAG_00000,RPMI.37C.cAMP,1440,1,,,,,,06.05.19,H.BROWN,24.0,TRIzol,0.0,,,,,07.02.19,H.BROWN,24.0,E7490L,E7420L,0.0,random,07.02.19,H.BROWN,24.0,E7420L,False,07.02.19,H.BROWN,24.0,Index1_24,GGAGTCC,SIC_Index2_10,GCTTCTGT,E7420L,False,3722,fullRNASeq,Brent_2a_24_GTAC_24_SIC_Index2_10_GGAGTCCATC_GCTTCTGT_S25_R1_001.fastq.gz,NextSeq,HighOutput,0.78,1.4539697732544,8017262.0,
664,05.20.19,H.BROWN,25,Environmental_Perturbation,TDY451,CNAG_00000,YPD.30C.cAMP,1440,1,,,,,,06.05.19,H.BROWN,25.0,TRIzol,0.0,,,,,07.02.19,H.BROWN,25.0,E7490L,E7420L,0.0,random,07.02.19,H.BROWN,25.0,E7420L,False,07.02.19,H.BROWN,25.0,Index1_25,CGTCGCT,SIC_Index2_10,GCTTCTGT,E7420L,False,3722,fullRNASeq,Brent_2a_25_GTAC_25_SIC_Index2_10_CGTCGCTATC_GCTTCTGT_S26_R1_001.fastq.gz,NextSeq,HighOutput,16.7,0.59832139770342,7988800.0,
665,05.20.19,H.BROWN,26,Environmental_Perturbation,TDY451,CNAG_00000,YPD.37C.cAMP,1440,1,,,,,,06.05.19,H.BROWN,26.0,TRIzol,0.0,,,,,07.02.19,H.BROWN,26.0,E7490L,E7420L,0.0,random,07.02.19,H.BROWN,26.0,E7420L,False,07.02.19,H.BROWN,26.0,Index1_26,TCAACTG,SIC_Index2_10,GCTTCTGT,E7420L,False,3722,fullRNASeq,Brent_2a_26_GTAC_26_SIC_Index2_10_TCAACTGATC_GCTTCTGT_S27_R1_001.fastq.gz,NextSeq,HighOutput,33.5,0.816011888724236,8875830.0,
877,12.04.19,H.BROWN,1,Environmental_Perturbation,TDY451,CNAG_00000,PBS,0,4,,,,,,12.13.19,H.BROWN,1.0,TRIzol,0.0,,,,,01.16.20,H.BROWN,1.0,E7490L,E7420L,0.0,random,01.16.20,H.BROWN,1.0,E7420L,False,01.16.20,H.BROWN,1.0,27,TGTTTGT,SIC_Index2_07,GAGTTGGT,E7420L,False,4178,fullRNASeq,Brent_5d1_GTAC_27_SIC_Index2_07_TGTTTGT_GAGTTGGT_S28_R1_001.fastq.gz,NextSeq,HighOutput,20.0,21.241304716661,13150378.0,
878,12.04.19,H.BROWN,2,Environmental_Perturbation,TDY451,CNAG_00000,PBS,0,4,,,,,,12.13.19,H.BROWN,2.0,TRIzol,0.0,,,,,01.16.20,H.BROWN,2.0,E7490L,E7420L,0.0,random,01.16.20,H.BROWN,2.0,E7420L,False,01.16.20,H.BROWN,2.0,28,TACATGG,SIC_Index2_07,GAGTTGGT,E7420L,False,4178,fullRNASeq,Brent_5d2_GTAC_28_SIC_Index2_07_TACATGG_GAGTTGGT_S29_R1_001.fastq.gz,NextSeq,HighOutput,24.6,24.3564415184712,8359577.0,
879,12.04.19,H.BROWN,3,Environmental_Perturbation,TDY451,CNAG_00000,DMEM.30C.7,30,4,,,,,,12.13.19,H.BROWN,3.0,TRIzol,0.0,,,,,01.16.20,H.BROWN,3.0,E7490L,E7420L,0.0,random,01.16.20,H.BROWN,3.0,E7420L,False,01.16.20,H.BROWN,3.0,29,GTTCTCA,SIC_Index2_07,GAGTTGGT,E7420L,False,4178,fullRNASeq,Brent_5d3_GTAC_29_SIC_Index2_07_GTTCTCA_GAGTTGGT_S30_R1_001.fastq.gz,NextSeq,HighOutput,0.5,0.675536951952884,23441414.0,
880,12.04.19,H.BROWN,4,Environmental_Perturbation,TDY451,CNAG_00000,DMEM.37C.7,30,4,,,,,,12.13.19,H.BROWN,4.0,TRIzol,0.0,,,,,01.16.20,H.BROWN,4.0,E7490L,E7420L,0.0,random,01.16.20,H.BROWN,4.0,E7420L,False,01.16.20,H.BROWN,4.0,30,CTGGTGG,SIC_Index2_07,GAGTTGGT,E7420L,False,4178,fullRNASeq,Brent_5d4_GTAC_30_SIC_Index2_07_CTGGTGG_GAGTTGGT_S31_R1_001.fastq.gz,NextSeq,HighOutput,0.34299999999999997,11.6614582848201,6056734.0,
881,12.04.19,H.BROWN,5,Environmental_Perturbation,TDY451,CNAG_00000,RPMI.30C.7,30,4,,,,,,12.13.19,H.BROWN,5.0,TRIzol,0.0,,,,,01.16.20,H.BROWN,5.0,E7490L,E7420L,0.0,random,01.16.20,H.BROWN,5.0,E7420L,False,01.16.20,H.BROWN,5.0,31,TGCCCAT,SIC_Index2_07,GAGTTGGT,E7420L,False,4178,fullRNASeq,Brent_5d5_GTAC_31_SIC_Index2_07_TGCCCAT_GAGTTGGT_S32_R1_001.fastq.gz,NextSeq,HighOutput,0.9209999999999999,6.91909883222893,7895676.0,
882,12.04.19,H.BROWN,6,Environmental_Perturbation,TDY451,CNAG_00000,RPMI.37C.7,30,4,,,,,,12.13.19,H.BROWN,6.0,TRIzol,0.0,,,,,01.16.20,H.BROWN,6.0,E7490L,E7420L,0.0,random,01.16.20,H.BROWN,6.0,E7420L,False,01.16.20,H.BROWN,6.0,32,AAACCTT,SIC_Index2_07,GAGTTGGT,E7420L,False,4178,fullRNASeq,Brent_5d6_GTAC_32_SIC_Index2_07_AAACCTT_GAGTTGGT_S33_R1_001.fastq.gz,NextSeq,HighOutput,0.723,7.49242954690988,8460131.0,
883,12.04.19,H.BROWN,7,Environmental_Perturbation,TDY451,CNAG_00000,YPD.30C.7,30,4,,,,,,12.13.19,H.BROWN,7.0,TRIzol,0.0,,,,,01.16.20,H.BROWN,7.0,E7490L,E7420L,0.0,random,01.16.20,H.BROWN,7.0,E7420L,False,01.16.20,H.BROWN,7.0,33,ACCATAC,SIC_Index2_07,GAGTTGGT,E7420L,False,4178,fullRNASeq,Brent_5d7_GTAC_33_SIC_Index2_07_ACCATAC_GAGTTGGT_S34_R1_001.fastq.gz,NextSeq,HighOutput,0.386,21.4811176692632,1897678.0,
884,12.04.19,H.BROWN,8,Environmental_Perturbation,TDY451,CNAG_00000,YPD.37C.7,30,4,,,,,,12.13.19,H.BROWN,8.0,TRIzol,0.0,,,,,01.16.20,H.BROWN,8.0,E7490L,E7420L,0.0,random,01.16.20,H.BROWN,8.0,E7420L,False,01.16.20,H.BROWN,8.0,34,AATACGC,SIC_Index2_07,GAGTTGGT,E7420L,False,4178,fullRNASeq,Brent_5d8_GTAC_34_SIC_Index2_07_AATACGC_GAGTTGGT_S35_R1_001.fastq.gz,NextSeq,HighOutput,2.4,2.77478878171599,9090073.0,
891,12.04.19,H.BROWN,15,Environmental_Perturbation,TDY451,CNAG_00000,DMEM.30C.7,180,4,,,,,,12.13.19,H.BROWN,15.0,TRIzol,0.0,,,,,01.16.20,H.BROWN,15.0,E7490L,E7420L,0.0,random,01.16.20,H.BROWN,15.0,E7420L,False,01.16.20,H.BROWN,15.0,41,TTGCCCC,SIC_Index2_07,GAGTTGGT,E7420L,False,4178,fullRNASeq,Brent_5d15_GTAC_41_SIC_Index2_07_TTGCCCC_GAGTTGGT_S36_R1_001.fastq.gz,NextSeq,HighOutput,0.501,11.6296108793996,11115513.0,
893,12.04.19,H.BROWN,17,Environmental_Perturbation,TDY451,CNAG_00000,RPMI.30C.7,180,4,,,,,,12.13.19,H.BROWN,17.0,TRIzol,0.0,,,,,01.16.20,H.BROWN,17.0,E7490L,E7420L,0.0,random,01.16.20,H.BROWN,17.0,E7420L,False,01.16.20,H.BROWN,17.0,43,TGTGCCA,SIC_Index2_07,GAGTTGGT,E7420L,False,4178,fullRNASeq,Brent_5d17_GTAC_43_SIC_Index2_07_TGTGCCA_GAGTTGGT_S37_R1_001.fastq.gz,NextSeq,HighOutput,0.763,7.32488781235556,11299576.0,
896,12.04.19,H.BROWN,20,Environmental_Perturbation,TDY451,CNAG_00000,YPD.37C.7,180,4,,,,,,12.13.19,H.BROWN,20.0,TRIzol,0.0,,,,,01.16.20,H.BROWN,20.0,E7490L,E7420L,0.0,random,01.16.20,H.BROWN,20.0,E7420L,False,01.16.20,H.BROWN,20.0,46,GGTGAAT,SIC_Index2_07,GAGTTGGT,E7420L,False,4178,fullRNASeq,Brent_5d20_GTAC_46_SIC_Index2_07_GGTGAAT_GAGTTGGT_S38_R1_001.fastq.gz,NextSeq,HighOutput,0.608,10.0,8156030.0,
1016,11.19.19,H.BROWN,1,Environmental_Perturbation,TDY451,CNAG_00000,PBS,0,1,,,,,,12.06.19,H.BROWN,1.0,TRIzol,0.0,,,,,01.06.20,H.BROWN,1.0,E7490L,E7420L,0.0,random,01.06.20,H.BROWN,1.0,E7420L,False,01.06.20,H.BROWN,1.0,Index1_1,TGAGGTT,SIC_Index2_07,GAGTTG,E7420L,False,4144,fullRNASeq,Brent_large/Brent_5b-1_GTAC_1_SIC_Index2_07_TGAGGTT_GAGTTGGT_S28_R1_001.fastq.gz,NextSeq,HighOutput,22.5,1.0,1168788.0,
1017,11.19.19,H.BROWN,2,Environmental_Perturbation,TDY451,CNAG_00000,PBS,0,1,,,,,,12.06.19,H.BROWN,2.0,TRIzol,0.0,,,,,01.06.20,H.BROWN,2.0,E7490L,E7420L,0.0,random,01.06.20,H.BROWN,2.0,E7420L,False,01.06.20,H.BROWN,2.0,Index1_2,GCTTAGA,SIC_Index2_07,GAGTTG,E7420L,False,4144,fullRNASeq,Brent_large/Brent_5b-2_GTAC_2_SIC_Index2_07_GCTTAGA_GAGTTGGT_S29_R1_001.fastq.gz,NextSeq,HighOutput,18.8,1.0,8305631.0,
1018,11.19.19,H.BROWN,3,Environmental_Perturbation,TDY451,CNAG_00000,DMEM.30C,30,1,,,,,,12.06.19,H.BROWN,3.0,TRIzol,0.0,,,,,01.06.20,H.BROWN,3.0,E7490L,E7420L,0.0,random,01.06.20,H.BROWN,3.0,E7420L,False,01.06.20,H.BROWN,3.0,Index1_3,ATGACAG,SIC_Index2_07,GAGTTG,E7420L,False,4144,fullRNASeq,Brent_large/Brent_5b-3_GTAC_3_SIC_Index2_07_ATGACAG_GAGTTGGT_S30_R1_001.fastq.gz,NextSeq,HighOutput,10.5,0.952380952380952,7343496.0,
1019,11.19.19,H.BROWN,4,Environmental_Perturbation,TDY451,CNAG_00000,DMEM.37C,30,1,,,,,,12.06.19,H.BROWN,4.0,TRIzol,0.0,,,,,01.06.20,H.BROWN,4.0,E7490L,E7420L,0.0,random,01.06.20,H.BROWN,4.0,E7420L,False,01.06.20,H.BROWN,4.0,Index1_4,CACCTCC,SIC_Index2_07,GAGTTG,E7420L,False,4144,fullRNASeq,Brent_large/Brent_5b-4_GTAC_4_SIC_Index2_07_CACCTCC_GAGTTGGT_S31_R1_001.fastq.gz,NextSeq,HighOutput,4.49,2.2271714922049,8596343.0,
1020,11.19.19,H.BROWN,5,Environmental_Perturbation,TDY451,CNAG_00000,RPMI.30C,30,1,,,,,,12.06.19,H.BROWN,5.0,TRIzol,0.0,,,,,01.06.20,H.BROWN,5.0,E7490L,E7420L,0.0,random,01.06.20,H.BROWN,5.0,E7420L,False,01.06.20,H.BROWN,5.0,Index1_5,ATCGAGC,SIC_Index2_07,GAGTTG,E7420L,False,4144,fullRNASeq,Brent_large/Brent_5b-5_GTAC_5_SIC_Index2_07_ATCGAGC_GAGTTGGT_S32_R1_001.fastq.gz,NextSeq,HighOutput,18.7,1.0,7395140.0,
1021,11.19.19,H.BROWN,6,Environmental_Perturbation,TDY451,CNAG_00000,RPMI.37C,30,1,,,,,,12.06.19,H.BROWN,6.0,TRIzol,0.0,,,,,01.06.20,H.BROWN,6.0,E7490L,E7420L,0.0,random,01.06.20,H.BROWN,6.0,E7420L,False,01.06.20,H.BROWN,6.0,Index1_6,TACTCTA,SIC_Index2_07,GAGTTG,E7420L,False,4144,fullRNASeq,Brent_large/Brent_5b-6_GTAC_6_SIC_Index2_07_TACTCTA_GAGTTGGT_S33_R1_001.fastq.gz,NextSeq,HighOutput,1.56,6.41025641025641,7384004.0,
1022,11.19.19,H.BROWN,7,Environmental_Perturbation,TDY451,CNAG_00000,YPD.30C,30,1,,,,,,12.06.19,H.BROWN,7.0,TRIzol,0.0,,,,,01.06.20,H.BROWN,7.0,E7490L,E7420L,0.0,random,01.06.20,H.BROWN,7.0,E7420L,False,01.06.20,H.BROWN,7.0,Index1_7,AGACTGA,SIC_Index2_07,GAGTTG,E7420L,False,4144,fullRNASeq,Brent_small/Brent_5b-7_GTAC_7_SIC_Index2_07_AGACTGA_GAGTTGGT_S34_R1_001.fastq.gz,NextSeq,HighOutput,0.91,5.0,5367610.0,
1023,11.19.19,H.BROWN,8,Environmental_Perturbation,TDY451,CNAG_00000,YPD.37C,30,1,,,,,,12.06.19,H.BROWN,8.0,TRIzol,0.0,,,,,01.06.20,H.BROWN,8.0,E7490L,E7420L,0.0,random,01.06.20,H.BROWN,8.0,E7420L,False,01.06.20,H.BROWN,8.0,Index1_8,CTTGGAA,SIC_Index2_07,GAGTTG,E7420L,False,4144,fullRNASeq,Brent_large/Brent_5b-8_GTAC_8_SIC_Index2_07_CTTGGAA_GAGTTGGT_S35_R1_001.fastq.gz,NextSeq,HighOutput,2.49,4.01606425702811,7112721.0,
1024,11.19.19,H.BROWN,9,Environmental_Perturbation,TDY451,CNAG_00000,DMEM.30C,90,1,,,,,,12.06.19,H.BROWN,9.0,TRIzol,0.0,,,,,01.06.20,H.BROWN,9.0,E7490L,E7420L,0.0,random,01.06.20,H.BROWN,9.0,E7420L,False,01.06.20,H.BROWN,9.0,Index1_9,CCGATTA,SIC_Index2_07,GAGTTG,E7420L,False,4144,fullRNASeq,Brent_large/Brent_5b-9_GTAC_9_SIC_Index2_07_CCGATTA_GAGTTGGT_S36_R1_001.fastq.gz,NextSeq,HighOutput,12.8,1.0,8763810.0,
1025,11.19.19,H.BROWN,10,Environmental_Perturbation,TDY451,CNAG_00000,DMEM.37C,90,1,,,,,,12.06.19,H.BROWN,10.0,TRIzol,0.0,,,,,01.06.20,H.BROWN,10.0,E7490L,E7420L,0.0,random,01.06.20,H.BROWN,10.0,E7420L,False,01.06.20,H.BROWN,10.0,Index1_10,GGCAGCG,SIC_Index2_07,GAGTTG,E7420L,False,4144,fullRNASeq,Brent_large/Brent_5b-10_GTAC_10_SIC_Index2_07_GGCAGCG_GAGTTGGT_S37_R1_001.fastq.gz,NextSeq,HighOutput,4.47,2.23713646532438,9142478.0,
1026,11.19.19,H.BROWN,11,Environmental_Perturbation,TDY451,CNAG_00000,RPMI.30C,90,1,,,,,,12.06.19,H.BROWN,11.0,TRIzol,0.0,,,,,01.06.20,H.BROWN,11.0,E7490L,E7420L,0.0,random,01.06.20,H.BROWN,11.0,E7420L,False,01.06.20,H.BROWN,11.0,Index1_11,CCATCAT,SIC_Index2_07,GAGTTG,E7420L,False,4144,fullRNASeq,Brent_large/Brent_5b-11_GTAC_11_SIC_Index2_07_CCATCAT_GAGTTGGT_S38_R1_001.fastq.gz,NextSeq,HighOutput,20.8,1.0,9989045.0,
1027,11.19.19,H.BROWN,12,Environmental_Perturbation,TDY451,CNAG_00000,RPMI.37C,90,1,,,,,,12.06.19,H.BROWN,12.0,TRIzol,0.0,,,,,01.06.20,H.BROWN,12.0,E7490L,E7420L,0.0,random,01.06.20,H.BROWN,12.0,E7420L,False,01.06.20,H.BROWN,12.0,Index1_12,TAACAAG,SIC_Index2_07,GAGTTG,E7420L,False,4144,fullRNASeq,Brent_large/Brent_5b-12_GTAC_12_SIC_Index2_07_TAACAAG_GAGTTGGT_S39_R1_001.fastq.gz,NextSeq,HighOutput,9.6,1.04166666666667,7652496.0,
1028,11.19.19,H.BROWN,13,Environmental_Perturbation,TDY451,CNAG_00000,YPD.30C,90,1,,,,,,12.06.19,H.BROWN,13.0,TRIzol,0.0,,,,,01.06.20,H.BROWN,13.0,E7490L,E7420L,0.0,random,01.06.20,H.BROWN,13.0,E7420L,False,01.06.20,H.BROWN,13.0,Index1_13,GAGGCGT,SIC_Index2_07,GAGTTG,E7420L,False,4144,fullRNASeq,Brent_small/Brent_5b-13_GTAC_13_SIC_Index2_07_GAGGCGT_GAGTTGGT_S40_R1_001.fastq.gz,NextSeq,HighOutput,0.584,5.0,5989773.0,
1029,11.19.19,H.BROWN,14,Environmental_Perturbation,TDY451,CNAG_00000,YPD.37C,90,1,,,,,,12.06.19,H.BROWN,14.0,TRIzol,0.0,,,,,01.06.20,H.BROWN,14.0,E7490L,E7420L,0.0,random,01.06.20,H.BROWN,14.0,E7420L,False,01.06.20,H.BROWN,14.0,Index1_14,TTTAACT,SIC_Index2_07,GAGTTG,E7420L,False,4144,fullRNASeq,Brent_large/Brent_5b-14_GTAC_14_SIC_Index2_07_TTTAACT_GAGTTGGT_S41_R1_001.fastq.gz,NextSeq,HighOutput,1.51,6.62251655629139,7263152.0,
1030,11.19.19,H.BROWN,15,Environmental_Perturbation,TDY451,CNAG_00000,DMEM.30C,180,1,,,,,,12.06.19,H.BROWN,15.0,TRIzol,0.0,,,,,01.06.20,H.BROWN,15.0,E7490L,E7420L,0.0,random,01.06.20,H.BROWN,15.0,E7420L,False,01.06.20,H.BROWN,15.0,Index1_15,GGTCCTC,SIC_Index2_07,GAGTTG,E7420L,False,4144,fullRNASeq,Brent_large/Brent_5b-15_GTAC_15_SIC_Index2_07_GGTCCTC_GAGTTGGT_S42_R1_001.fastq.gz,NextSeq,HighOutput,3.37,2.9673590504451,7358865.0,
1031,11.19.19,H.BROWN,16,Environmental_Perturbation,TDY451,CNAG_00000,DMEM.37C,180,1,,,,,,12.06.19,H.BROWN,16.0,TRIzol,0.0,,,,,01.06.20,H.BROWN,16.0,E7490L,E7420L,0.0,random,01.06.20,H.BROWN,16.0,E7420L,False,01.06.20,H.BROWN,16.0,Index1_16,CGGTGGC,SIC_Index2_07,GAGTTG,E7420L,False,4144,fullRNASeq,Brent_large/Brent_5b-16_GTAC_16_SIC_Index2_07_CGGTGGC_GAGTTGGT_S43_R1_001.fastq.gz,NextSeq,HighOutput,1.92,5.20833333333333,7216406.0,
1032,11.19.19,H.BROWN,17,Environmental_Perturbation,TDY451,CNAG_00000,RPMI.30C,180,1,,,,,,12.06.19,H.BROWN,17.0,TRIzol,0.0,,,,,01.06.20,H.BROWN,17.0,E7490L,E7420L,0.0,random,01.06.20,H.BROWN,17.0,E7420L,False,01.06.20,H.BROWN,17.0,Index1_17,ACTGTCG,SIC_Index2_07,GAGTTG,E7420L,False,4144,fullRNASeq,Brent_large/Brent_5b-17_GTAC_17_SIC_Index2_07_ACTGTCG_GAGTTGGT_S44_R1_001.fastq.gz,NextSeq,HighOutput,11.5,1.0,7797092.0,
1033,11.19.19,H.BROWN,18,Environmental_Perturbation,TDY451,CNAG_00000,RPMI.37C,180,1,,,,,,12.06.19,H.BROWN,18.0,TRIzol,0.0,,,,,01.06.20,H.BROWN,18.0,E7490L,E7420L,0.0,random,01.06.20,H.BROWN,18.0,E7420L,False,01.06.20,H.BROWN,18.0,Index1_18,GTATTTG,SIC_Index2_07,GAGTTG,E7420L,False,4144,fullRNASeq,Brent_large/Brent_5b-18_GTAC_18_SIC_Index2_07_GTATTTG_GAGTTGGT_S45_R1_001.fastq.gz,NextSeq,HighOutput,4.66,2.14592274678112,7609591.0,
1034,11.19.19,H.BROWN,19,Environmental_Perturbation,TDY451,CNAG_00000,YPD.30C,180,1,,,,,,12.06.19,H.BROWN,19.0,TRIzol,0.0,,,,,01.06.20,H.BROWN,19.0,E7490L,E7420L,0.0,random,01.06.20,H.BROWN,19.0,E7420L,False,01.06.20,H.BROWN,19.0,Index1_19,GAGTACG,SIC_Index2_07,GAGTTG,E7420L,False,4144,fullRNASeq,Brent_large/Brent_5b-19_GTAC_19_SIC_Index2_07_GAGTACG_GAGTTGGT_S46_R1_001.fastq.gz,NextSeq,HighOutput,22.5,1.0,6952677.0,
1035,11.19.19,H.BROWN,20,Environmental_Perturbation,TDY451,CNAG_00000,YPD.37C,180,1,,,,,,12.06.19,H.BROWN,20.0,TRIzol,0.0,,,,,01.06.20,H.BROWN,20.0,E7490L,E7420L,0.0,random,01.06.20,H.BROWN,20.0,E7420L,False,01.06.20,H.BROWN,20.0,Index1_20,ACAGATA,SIC_Index2_07,GAGTTG,E7420L,False,4144,fullRNASeq,Brent_large/Brent_5b-20_GTAC_20_SIC_Index2_07_ACAGATA_GAGTTGGT_S47_R1_001.fastq.gz,NextSeq,HighOutput,21.8,1.0,6184498.0,
1036,11.19.19,H.BROWN,21,Environmental_Perturbation,TDY451,CNAG_00000,DMEM.30C,1440,1,,,,,,12.06.19,H.BROWN,21.0,TRIzol,0.0,,,,,01.06.20,H.BROWN,21.0,E7490L,E7420L,0.0,random,01.06.20,H.BROWN,21.0,E7420L,False,01.06.20,H.BROWN,21.0,Index1_21,CTCAATG,SIC_Index2_07,GAGTTG,E7420L,False,4144,fullRNASeq,Brent_small/Brent_5b-21_GTAC_21_SIC_Index2_07_CTCAATG_GAGTTGGT_S48_R1_001.fastq.gz,NextSeq,HighOutput,0.44,5.0,5170599.0,
1037,11.19.19,H.BROWN,22,Environmental_Perturbation,TDY451,CNAG_00000,DMEM.37C,1440,1,,,,,,12.06.19,H.BROWN,22.0,TRIzol,0.0,,,,,01.06.20,H.BROWN,22.0,E7490L,E7420L,0.0,random,01.06.20,H.BROWN,22.0,E7420L,False,01.06.20,H.BROWN,22.0,Index1_22,AAATGCA,SIC_Index2_07,GAGTTG,E7420L,False,4144,fullRNASeq,Brent_small/Brent_5b-22_GTAC_22_SIC_Index2_07_AAATGCA_GAGTTGGT_S49_R1_001.fastq.gz,NextSeq,HighOutput,0.396,5.0,4728864.0,
1038,11.19.19,H.BROWN,23,Environmental_Perturbation,TDY451,CNAG_00000,RPMI.30C,1440,1,,,,,,12.06.19,H.BROWN,23.0,TRIzol,0.0,,,,,01.06.20,H.BROWN,23.0,E7490L,E7420L,0.0,random,01.06.20,H.BROWN,23.0,E7420L,False,01.06.20,H.BROWN,23.0,Index1_23,ACGCGGG,SIC_Index2_07,GAGTTG,E7420L,False,4144,fullRNASeq,Brent_small/Brent_5b-23_GTAC_23_SIC_Index2_07_ACGCGGG_GAGTTGGT_S50_R1_001.fastq.gz,NextSeq,HighOutput,0.105,5.0,5547220.0,
1039,11.19.19,H.BROWN,24,Environmental_Perturbation,TDY451,CNAG_00000,RPMI.37C,1440,1,,,,,,12.06.19,H.BROWN,24.0,TRIzol,0.0,,,,,01.06.20,H.BROWN,24.0,E7490L,E7420L,0.0,random,01.06.20,H.BROWN,24.0,E7420L,False,01.06.20,H.BROWN,24.0,Index1_24,GGAGTCC,SIC_Index2_07,GAGTTG,E7420L,False,4144,fullRNASeq,Brent_small/Brent_5b-24_GTAC_24_SIC_Index2_07_GGAGTCC_GAGTTGGT_S51_R1_001.fastq.gz,NextSeq,HighOutput,0.613,5.0,5052913.0,
1040,11.19.19,H.BROWN,25,Environmental_Perturbation,TDY451,CNAG_00000,YPD.30C,1440,1,,,,,,12.06.19,H.BROWN,25.0,TRIzol,0.0,,,,,01.06.20,H.BROWN,25.0,E7490L,E7420L,0.0,random,01.06.20,H.BROWN,25.0,E7420L,False,01.06.20,H.BROWN,25.0,Index1_25,CGTCGCT,SIC_Index2_07,GAGTTG,E7420L,False,4144,fullRNASeq,Brent_large/Brent_5b-25_GTAC_25_SIC_Index2_07_CGTCGCT_GAGTTGGT_S52_R1_001.fastq.gz,NextSeq,HighOutput,6.52,1.53374233128834,6800026.0,
1041,11.19.19,H.BROWN,26,Environmental_Perturbation,TDY451,CNAG_00000,YPD.37C,1440,1,,,,,,12.06.19,H.BROWN,26.0,TRIzol,0.0,,,,,01.06.20,H.BROWN,26.0,E7490L,E7420L,0.0,random,01.06.20,H.BROWN,26.0,E7420L,False,01.06.20,H.BROWN,26.0,Index1_26,TCAACTG,SIC_Index2_07,GAGTTG,E7420L,False,4144,fullRNASeq,Brent_large/Brent_5b-26_GTAC_26_SIC_Index2_07_TCAACTG_GAGTTGGT_S53_R1_001.fastq.gz,NextSeq,HighOutput,7.66,1.3,7619975.0,
1093,07.31.19,H.BROWN,26,Environmental_Perturbation,TDY451,CNAG_00000,YPD.37C.CO2,1440,3,,,,,,08.08.19,H.BROWN,26.0,TRIzol,0.0,,,,,08.22.19,H.BROWN,26.0,E7490L,E7420L,0.0,random,08.22.19,H.BROWN,26.0,E7420L,False,08.22.19,H.BROWN,26.0,Index1_26,TCAACTG,SIC_Index2_09,CTCACA,E7420L,False,4011,fullRNASeq,Brent_small_3d-26_GTAC_26_SIC_Index2_09_TCAACTG_TGTGAGGT_S27_R1_001.fastq.gz,NextSeq,HighOutput,0.518,6.1,5031505.0,
1573,05.23.19,H.BROWN,1,Environmental_Perturbation,TDY451,CNAG_00000,PBS,0,2,,,,,,06.10.19,H.BROWN,1.0,TRIzol,0.0,,,,,06.20.19,H.BROWN,1.0,E7490L,E7420L,0.0,random,06.20.19,H.BROWN,1.0,E7420L,False,06.20.19,H.BROWN,1.0,Index1_1,TGAGGTT,SIC_Index_06,AAGCAC,E7420L,False,3722,fullRNASeq,Brent_2b_1_GTAC_1_SIC_Index2_6_TGAGGTTATC_GACCTTGT_S28_R1_001.fastq.gz,NextSeq,HighOutput,12.4,1.02634582754897,8649224.0,
1574,05.23.19,H.BROWN,2,Environmental_Perturbation,TDY451,CNAG_00000,PBS,0,2,,,,,,06.10.19,H.BROWN,2.0,TRIzol,0.0,,,,,06.20.19,H.BROWN,2.0,E7490L,E7420L,0.0,random,06.20.19,H.BROWN,2.0,E7420L,False,06.20.19,H.BROWN,2.0,Index1_2,GCTTAGA,SIC_Index_06,AAGCAC,E7420L,False,3722,fullRNASeq,Brent_2b_2_GTAC_2_SIC_Index2_6_GCTTAGAATC_GACCTTGT_S29_R1_001.fastq.gz,NextSeq,HighOutput,6.32,1.14820971916438,8640764.0,
1575,05.23.19,H.BROWN,3,Environmental_Perturbation,TDY451,CNAG_00000,DMEM.30C.cAMP,30,2,,,,,,06.10.19,H.BROWN,3.0,TRIzol,0.0,,,,,06.20.19,H.BROWN,3.0,E7490L,E7420L,0.0,random,06.20.19,H.BROWN,3.0,E7420L,False,06.20.19,H.BROWN,3.0,Index1_3,ATGACAG,SIC_Index_06,AAGCAC,E7420L,False,3722,fullRNASeq,Brent_2b_3_GTAC_3_SIC_Index2_6_ATGACAGATC_GACCTTGT_S30_R1_001.fastq.gz,NextSeq,HighOutput,322.0,6.37948226270374,7845942.0,
1576,05.23.19,H.BROWN,4,Environmental_Perturbation,TDY451,CNAG_00000,DMEM.37C.cAMP,30,2,,,,,,06.10.19,H.BROWN,4.0,TRIzol,0.0,,,,,06.20.19,H.BROWN,4.0,E7490L,E7420L,0.0,random,06.20.19,H.BROWN,4.0,E7420L,False,06.20.19,H.BROWN,4.0,Index1_4,CACCTCC,SIC_Index_06,AAGCAC,E7420L,False,3722,fullRNASeq,Brent_2b_4_GTAC_4_SIC_Index2_6_CACCTCCATC_GACCTTGT_S31_R1_001.fastq.gz,NextSeq,HighOutput,29.7,0.897173830969203,9462032.0,
1577,05.23.19,H.BROWN,5,Environmental_Perturbation,TDY451,CNAG_00000,RPMI.30C.cAMP,30,2,,,,,,06.10.19,H.BROWN,5.0,TRIzol,0.0,,,,,06.20.19,H.BROWN,5.0,E7490L,E7420L,0.0,random,06.20.19,H.BROWN,5.0,E7420L,False,06.20.19,H.BROWN,5.0,Index1_5,ATCGAGC,SIC_Index_06,AAGCAC,E7420L,False,3722,fullRNASeq,Brent_2b_5_GTAC_5_SIC_Index2_6_ATCGAGCATC_GACCTTGT_S32_R1_001.fastq.gz,NextSeq,HighOutput,306.0,0.5,27381545.0,
1578,05.23.19,H.BROWN,6,Environmental_Perturbation,TDY451,CNAG_00000,RPMI.37C.cAMP,30,2,,,,,,06.10.19,H.BROWN,6.0,TRIzol,0.0,,,,,06.20.19,H.BROWN,6.0,E7490L,E7420L,0.0,random,06.20.19,H.BROWN,6.0,E7420L,False,06.20.19,H.BROWN,6.0,Index1_6,TACTCTA,SIC_Index_06,AAGCAC,E7420L,False,3722,fullRNASeq,Brent_2b_6_GTAC_6_SIC_Index2_6_TACTCTAATC_GACCTTGT_S33_R1_001.fastq.gz,NextSeq,HighOutput,18.1,4.14825436408978,6889818.0,
1579,05.23.19,H.BROWN,7,Environmental_Perturbation,TDY451,CNAG_00000,YPD.30C.cAMP,30,2,,,,,,06.10.19,H.BROWN,7.0,TRIzol,0.0,,,,,06.20.19,H.BROWN,7.0,E7490L,E7420L,0.0,random,06.20.19,H.BROWN,7.0,E7420L,False,06.20.19,H.BROWN,7.0,Index1_7,AGACTGA,SIC_Index_06,AAGCAC,E7420L,False,3722,fullRNASeq,Brent_2b_7_GTAC_7_SIC_Index2_6_AGACTGAATC_GACCTTGT_S34_R1_001.fastq.gz,NextSeq,HighOutput,11.3,0.561028667790894,9085370.0,
1580,05.23.19,H.BROWN,8,Environmental_Perturbation,TDY451,CNAG_00000,YPD.37C.cAMP,30,2,,,,,,06.10.19,H.BROWN,8.0,TRIzol,0.0,,,,,06.20.19,H.BROWN,8.0,E7490L,E7420L,0.0,random,06.20.19,H.BROWN,8.0,E7420L,False,06.20.19,H.BROWN,8.0,Index1_8,CTTGGAA,SIC_Index_06,AAGCAC,E7420L,False,3722,fullRNASeq,Brent_2b_8_GTAC_8_SIC_Index2_6_CTTGGAAATC_GACCTTGT_S35_R1_001.fastq.gz,NextSeq,HighOutput,7.8,0.802207378407796,9759542.0,
1581,05.23.19,H.BROWN,9,Environmental_Perturbation,TDY451,CNAG_00000,DMEM.30C.cAMP,90,2,,,,,,06.10.19,H.BROWN,9.0,TRIzol,0.0,,,,,06.20.19,H.BROWN,9.0,E7490L,E7420L,0.0,random,06.20.19,H.BROWN,9.0,E7420L,False,06.20.19,H.BROWN,9.0,Index1_9,CCGATTA,SIC_Index_06,AAGCAC,E7420L,False,3722,fullRNASeq,Brent_2b_9_GTAC_9_SIC_Index2_6_CCGATTAATC_GACCTTGT_S36_R1_001.fastq.gz,NextSeq,HighOutput,139.0,5.64168221129388,8222116.0,
1582,05.23.19,H.BROWN,10,Environmental_Perturbation,TDY451,CNAG_00000,DMEM.37C.cAMP,90,2,,,,,,06.10.19,H.BROWN,10.0,TRIzol,0.0,,,,,06.20.19,H.BROWN,10.0,E7490L,E7420L,0.0,random,06.20.19,H.BROWN,10.0,E7420L,False,06.20.19,H.BROWN,10.0,Index1_10,GGCAGCG,SIC_Index_06,AAGCAC,E7420L,False,3722,fullRNASeq,Brent_2b_10_GTAC_10_SIC_Index2_6_GGCAGCGATC_GACCTTGT_S37_R1_001.fastq.gz,NextSeq,HighOutput,3.31,2.52057814269553,7751183.0,
1583,05.23.19,H.BROWN,11,Environmental_Perturbation,TDY451,CNAG_00000,RPMI.30C.cAMP,90,2,,,,,,06.10.19,H.BROWN,11.0,TRIzol,0.0,,,,,06.20.19,H.BROWN,11.0,E7490L,E7420L,0.0,random,06.20.19,H.BROWN,11.0,E7420L,False,06.20.19,H.BROWN,11.0,Index1_11,CCATCAT,SIC_Index_06,AAGCAC,E7420L,False,3722,fullRNASeq,Brent_2b_11_GTAC_11_SIC_Index2_6_CCATCATATC_GACCTTGT_S38_R1_001.fastq.gz,NextSeq,HighOutput,238.0,4.55365453052286,7395128.0,
1584,05.23.19,H.BROWN,12,Environmental_Perturbation,TDY451,CNAG_00000,RPMI.37C.cAMP,90,2,,,,,,06.10.19,H.BROWN,12.0,TRIzol,0.0,,,,,06.20.19,H.BROWN,12.0,E7490L,E7420L,0.0,random,06.20.19,H.BROWN,12.0,E7420L,False,06.20.19,H.BROWN,12.0,Index1_12,TAACAAG,SIC_Index_06,AAGCAC,E7420L,False,3722,fullRNASeq,Brent_2b_12_GTAC_12_SIC_Index2_6_TAACAAGATC_GACCTTGT_S39_R1_001.fastq.gz,NextSeq,HighOutput,34.9,0.696820542895442,8760543.0,
1585,05.23.19,H.BROWN,13,Environmental_Perturbation,TDY451,CNAG_00000,YPD.30C.cAMP,90,2,,,,,,06.10.19,H.BROWN,13.0,TRIzol,0.0,,,,,06.20.19,H.BROWN,13.0,E7490L,E7420L,0.0,random,06.20.19,H.BROWN,13.0,E7420L,False,06.20.19,H.BROWN,13.0,Index1_13,GAGGCGT,SIC_Index_06,AAGCAC,E7420L,False,3722,fullRNASeq,Brent_2b_13_GTAC_13_SIC_Index2_6_GAGGCGTATC_GACCTTGT_S40_R1_001.fastq.gz,NextSeq,HighOutput,2.99,2.58930369841823,8061696.0,
1586,05.23.19,H.BROWN,14,Environmental_Perturbation,TDY451,CNAG_00000,YPD.37C.cAMP,90,2,,,,,,06.10.19,H.BROWN,14.0,TRIzol,0.0,,,,,06.20.19,H.BROWN,14.0,E7490L,E7420L,0.0,random,06.20.19,H.BROWN,14.0,E7420L,False,06.20.19,H.BROWN,14.0,Index1_14,TTTAACT,SIC_Index_06,AAGCAC,E7420L,False,3722,fullRNASeq,Brent_2b_14_GTAC_14_SIC_Index2_6_TTTAACTATC_GACCTTGT_S41_R1_001.fastq.gz,NextSeq,HighOutput,0.789,5.76965766015747,7262639.0,
1587,05.23.19,H.BROWN,15,Environmental_Perturbation,TDY451,CNAG_00000,DMEM.30C.cAMP,180,2,,,,,,06.10.19,H.BROWN,15.0,TRIzol,0.0,,,,,06.20.19,H.BROWN,15.0,E7490L,E7420L,0.0,random,06.20.19,H.BROWN,15.0,E7420L,False,06.20.19,H.BROWN,15.0,Index1_15,GGTCCTC,SIC_Index_06,AAGCAC,E7420L,False,3722,fullRNASeq,Brent_2b_15_GTAC_15_SIC_Index2_6_GGTCCTCATC_GACCTTGT_S42_R1_001.fastq.gz,NextSeq,HighOutput,106.0,5.1380694980695,6568539.0,
1588,05.23.19,H.BROWN,16,Environmental_Perturbation,TDY451,CNAG_00000,DMEM.37C.cAMP,180,2,,,,,,06.10.19,H.BROWN,16.0,TRIzol,0.0,,,,,06.20.19,H.BROWN,16.0,E7490L,E7420L,0.0,random,06.20.19,H.BROWN,16.0,E7420L,False,06.20.19,H.BROWN,16.0,Index1_16,CGGTGGC,SIC_Index_06,AAGCAC,E7420L,False,3722,fullRNASeq,Brent_2b_16_GTAC_16_SIC_Index2_6_CGGTGGCATC_GACCTTGT_S43_R1_001.fastq.gz,NextSeq,HighOutput,1.24,4.49508187861428,6773584.0,
1589,05.23.19,H.BROWN,17,Environmental_Perturbation,TDY451,CNAG_00000,RPMI.30C.cAMP,180,2,,,,,,06.10.19,H.BROWN,17.0,TRIzol,0.0,,,,,06.20.19,H.BROWN,17.0,E7490L,E7420L,0.0,random,06.20.19,H.BROWN,17.0,E7420L,False,06.20.19,H.BROWN,17.0,Index1_17,ACTGTCG,SIC_Index_06,AAGCAC,E7420L,False,3722,fullRNASeq,Brent_2b_17_GTAC_17_SIC_Index2_6_ACTGTCGATC_GACCTTGT_S44_R1_001.fastq.gz,NextSeq,HighOutput,205.0,0.627799898099749,7889481.0,
1590,05.23.19,H.BROWN,18,Environmental_Perturbation,TDY451,CNAG_00000,RPMI.37C.cAMP,180,2,,,,,,06.10.19,H.BROWN,18.0,TRIzol,0.0,,,,,06.20.19,H.BROWN,18.0,E7490L,E7420L,0.0,random,06.20.19,H.BROWN,18.0,E7420L,False,06.20.19,H.BROWN,18.0,Index1_18,GTATTTG,SIC_Index_06,AAGCAC,E7420L,False,3722,fullRNASeq,Brent_2b_18_GTAC_18_SIC_Index2_6_GTATTTGATC_GACCTTGT_S45_R1_001.fastq.gz,NextSeq,HighOutput,29.9,0.51611852311511,9987029.0,
1591,05.23.19,H.BROWN,19,Environmental_Perturbation,TDY451,CNAG_00000,YPD.30C.cAMP,180,2,,,,,,06.10.19,H.BROWN,19.0,TRIzol,0.0,,,,,06.20.19,H.BROWN,19.0,E7490L,E7420L,0.0,random,06.20.19,H.BROWN,19.0,E7420L,False,06.20.19,H.BROWN,19.0,Index1_19,GAGTACG,SIC_Index_06,AAGCAC,E7420L,False,3722,fullRNASeq,Brent_2b_19_GTAC_19_SIC_Index2_6_GAGTACGATC_GACCTTGT_S46_R1_001.fastq.gz,NextSeq,HighOutput,11.5,0.694696178742953,9339349.0,
1592,05.23.19,H.BROWN,20,Environmental_Perturbation,TDY451,CNAG_00000,YPD.37C.cAMP,180,2,,,,,,06.10.19,H.BROWN,20.0,TRIzol,0.0,,,,,06.20.19,H.BROWN,20.0,E7490L,E7420L,0.0,random,06.20.19,H.BROWN,20.0,E7420L,False,06.20.19,H.BROWN,20.0,Index1_20,ACAGATA,SIC_Index_06,AAGCAC,E7420L,False,3722,fullRNASeq,Brent_2b_20_GTAC_20_SIC_Index2_6_ACAGATAATC_GACCTTGT_S47_R1_001.fastq.gz,NextSeq,HighOutput,4.49,1.28451162149235,8547157.0,
1593,05.23.19,H.BROWN,21,Environmental_Perturbation,TDY451,CNAG_00000,DMEM.30C.cAMP,1440,2,,,,,,06.10.19,H.BROWN,21.0,TRIzol,0.0,,,,,06.20.19,H.BROWN,21.0,E7490L,E7420L,0.0,random,06.20.19,H.BROWN,21.0,E7420L,False,06.20.19,H.BROWN,21.0,Index1_21,CTCAATG,SIC_Index_06,AAGCAC,E7420L,False,3722,fullRNASeq,Brent_2b_21_GTAC_21_SIC_Index2_6_CTCAATGATC_GACCTTGT_S48_R1_001.fastq.gz,NextSeq,HighOutput,0.0,,960.0,
1595,05.23.19,H.BROWN,22,Environmental_Perturbation,TDY451,CNAG_00000,DMEM.37C.cAMP,1440,2,,,,,,06.10.19,H.BROWN,22.0,TRIzol,0.0,,,,,06.20.19,H.BROWN,22.0,E7490L,E7420L,0.0,random,06.20.19,H.BROWN,22.0,E7420L,False,06.20.19,H.BROWN,22.0,Index1_22,AAATGCA,SIC_Index_06,AAGCAC,E7420L,False,3722,fullRNASeq,Brent_2b_22_GTAC_22_SIC_Index2_6_AAATGCAATC_GACCTTGT_S49_R1_001.fastq.gz,NextSeq,HighOutput,0.0,,683.0,
1598,05.23.19,H.BROWN,23,Environmental_Perturbation,TDY451,CNAG_00000,RPMI.30C.cAMP,1440,2,,,,,,06.10.19,H.BROWN,23.0,TRIzol,0.0,,,,,06.20.19,H.BROWN,23.0,E7490L,E7420L,0.0,random,06.20.19,H.BROWN,23.0,E7420L,False,06.20.19,H.BROWN,23.0,Index1_23,ACGCGGG,SIC_Index_06,AAGCAC,E7420L,False,3722,fullRNASeq,Brent_2b_23_GTAC_23_SIC_Index2_6_ACGCGGGATC_GACCTTGT_S50_R1_001.fastq.gz,NextSeq,HighOutput,0.596,8.88073247557525,8639765.0,
1599,05.23.19,H.BROWN,24,Environmental_Perturbation,TDY451,CNAG_00000,RPMI.37C.cAMP,1440,2,,,,,,06.10.19,H.BROWN,24.0,TRIzol,0.0,,,,,06.20.19,H.BROWN,24.0,E7490L,E7420L,0.0,random,06.20.19,H.BROWN,24.0,E7420L,False,06.20.19,H.BROWN,24.0,Index1_24,GGAGTCC,SIC_Index_06,AAGCAC,E7420L,False,3722,fullRNASeq,Brent_2b_24_GTAC_24_SIC_Index2_6_GGAGTCCATC_GACCTTGT_S51_R1_001.fastq.gz,NextSeq,HighOutput,3.2,2.46960960140624,8924968.0,
1600,05.23.19,H.BROWN,25,Environmental_Perturbation,TDY451,CNAG_00000,YPD.30C.cAMP,1440,2,,,,,,06.10.19,H.BROWN,25.0,TRIzol,0.0,,,,,06.20.19,H.BROWN,25.0,E7490L,E7420L,0.0,random,06.20.19,H.BROWN,25.0,E7420L,False,06.20.19,H.BROWN,25.0,Index1_25,CGTCGCT,SIC_Index_06,AAGCAC,E7420L,False,3722,fullRNASeq,Brent_2b_25_GTAC_25_SIC_Index2_6_CGTCGCTATC_GACCTTGT_S52_R1_001.fastq.gz,NextSeq,HighOutput,238.0,3.65111940298507,7336942.0,
1601,05.23.19,H.BROWN,26,Environmental_Perturbation,TDY451,CNAG_00000,YPD.37C.cAMP,1440,2,,,,,,06.10.19,H.BROWN,26.0,TRIzol,0.0,,,,,06.20.19,H.BROWN,26.0,E7490L,E7420L,0.0,random,06.20.19,H.BROWN,26.0,E7420L,False,06.20.19,H.BROWN,26.0,Index1_26,TCAACTG,SIC_Index_06,AAGCAC,E7420L,False,3722,fullRNASeq,Brent_2b_26_GTAC_26_SIC_Index2_6_TCAACTGATC_GACCTTGT_S53_R1_001.fastq.gz,NextSeq,HighOutput,234.0,0.5,12529332.0,
1734,02.12.20,H.BROWN,1,Environmental_Perturbation,TDY451,CNAG_00000,PBS,0,4,,,,,,03.06.20,H.BROWN,1.0,Trizol,0.0,,,,,06.01.20,H.BROWN,1.0,NEBNextPoly(A)E7490L,E7420L,0.0,random,06.01.20,H.BROWN,1.0,E7420L,False,06.01.20,H.BROWN,1.0,Index1_27,TGTTTGT,SIC_Index2_06,AAGCAC,E7420L,False,4422,fullRNASeq,Brent_large_6e_1_GTAC_27_SIC_Index2_06_TGTTTGTATC_GACCTTGT_S28_R1_001.fastq.gz,NextSeq,HighOutput,59.1,1.0,4467050.0,
1736,02.12.20,H.BROWN,2,Environmental_Perturbation,TDY451,CNAG_00000,PBS,0,4,,,,,,03.06.20,H.BROWN,2.0,Trizol,0.0,,,,,06.01.20,H.BROWN,2.0,NEBNextPoly(A)E7490L,E7420L,0.0,random,06.01.20,H.BROWN,2.0,E7420L,False,06.01.20,H.BROWN,2.0,Index1_28,TACATGG,SIC_Index2_06,AAGCAC,E7420L,False,4422,fullRNASeq,Brent_large_6e_2_GTAC_28_SIC_Index2_06_TACATGGATC_GACCTTGT_S29_R1_001.fastq.gz,NextSeq,HighOutput,11.2,1.0,4090923.0,
1738,02.12.20,H.BROWN,3,Environmental_Perturbation,TDY451,CNAG_00000,DMEM.30C.CO2.pH7,30,4,,,,,,03.06.20,H.BROWN,3.0,Trizol,0.0,,,,,06.01.20,H.BROWN,3.0,NEBNextPoly(A)E7490L,E7420L,0.0,random,06.01.20,H.BROWN,3.0,E7420L,False,06.01.20,H.BROWN,3.0,Index1_3,ATGACAG,SIC_Index2_06,AAGCAC,E7420L,False,4422,fullRNASeq,Brent_large_6e_3_GTAC_3_SIC_Index2_06_ATGACAGATC_GACCTTGT_S30_R1_001.fastq.gz,NextSeq,HighOutput,52.0,1.0,3732081.0,
1740,02.12.20,H.BROWN,4,Environmental_Perturbation,TDY451,CNAG_00000,DMEM.37C.CO2.pH7,30,4,,,,,,03.06.20,H.BROWN,4.0,Trizol,0.0,,,,,06.01.20,H.BROWN,4.0,NEBNextPoly(A)E7490L,E7420L,0.0,random,06.01.20,H.BROWN,4.0,E7420L,False,06.01.20,H.BROWN,4.0,Index1_4,CACCTCC,SIC_Index2_06,AAGCAC,E7420L,False,4422,fullRNASeq,Brent_large_6e_4_GTAC_4_SIC_Index2_06_CACCTCCATC_GACCTTGT_S31_R1_001.fastq.gz,NextSeq,HighOutput,14.4,1.0,3820417.0,
1742,02.12.20,H.BROWN,5,Environmental_Perturbation,TDY451,CNAG_00000,RPMI.30C.CO2.pH7,30,4,,,,,,03.06.20,H.BROWN,5.0,Trizol,0.0,,,,,06.01.20,H.BROWN,5.0,NEBNextPoly(A)E7490L,E7420L,0.0,random,06.01.20,H.BROWN,5.0,E7420L,False,06.01.20,H.BROWN,5.0,Index1_29,GTTCTCA,SIC_Index2_06,AAGCAC,E7420L,False,4422,fullRNASeq,Brent_large_6e_5_GTAC_29_SIC_Index2_06_GTTCTCAATC_GACCTTGT_S32_R1_001.fastq.gz,NextSeq,HighOutput,8.5,1.1764705882352942,3996962.0,
1744,02.12.20,H.BROWN,6,Environmental_Perturbation,TDY451,CNAG_00000,RPMI.37C.CO2.pH7,30,4,,,,,,03.06.20,H.BROWN,6.0,Trizol,0.0,,,,,06.01.20,H.BROWN,6.0,NEBNextPoly(A)E7490L,E7420L,0.0,random,06.01.20,H.BROWN,6.0,E7420L,False,06.01.20,H.BROWN,6.0,Index1_6,TACTCTA,SIC_Index2_06,AAGCAC,E7420L,False,4422,fullRNASeq,Brent_large_6e_6_GTAC_6_SIC_Index2_06_TACTCTAATC_GACCTTGT_S33_R1_001.fastq.gz,NextSeq,HighOutput,3.66,2.73224043715847,4133468.0,
1746,02.12.20,H.BROWN,7,Environmental_Perturbation,TDY451,CNAG_00000,YPD.30C.CO2.pH7,30,4,,,,,,03.06.20,H.BROWN,7.0,Trizol,0.0,,,,,06.01.20,H.BROWN,7.0,NEBNextPoly(A)E7490L,E7420L,0.0,random,06.01.20,H.BROWN,7.0,E7420L,False,06.01.20,H.BROWN,7.0,Index1_7,AGACTGA,SIC_Index2_06,AAGCAC,E7420L,False,4422,fullRNASeq,Brent_large_6e_7_GTAC_7_SIC_Index2_06_AGACTGAATC_GACCTTGT_S34_R1_001.fastq.gz,NextSeq,HighOutput,7.02,1.4245014245014247,3781098.0,
1748,02.12.20,H.BROWN,8,Environmental_Perturbation,TDY451,CNAG_00000,YPD.37C.CO2.pH7,30,4,,,,,,03.06.20,H.BROWN,8.0,Trizol,0.0,,,,,06.01.20,H.BROWN,8.0,NEBNextPoly(A)E7490L,E7420L,0.0,random,06.01.20,H.BROWN,8.0,E7420L,False,06.01.20,H.BROWN,8.0,Index1_8,CTTGGAA,SIC_Index2_06,AAGCAC,E7420L,False,4422,fullRNASeq,Brent_large_6e_8_GTAC_8_SIC_Index2_06_CTTGGAAATC_GACCTTGT_S35_R1_001.fastq.gz,NextSeq,HighOutput,9.1,1.098901098901099,4035244.0,
1750,02.12.20,H.BROWN,9,Environmental_Perturbation,TDY451,CNAG_00000,DMEM.30C.CO2.pH7,90,4,,,,,,03.06.20,H.BROWN,9.0,Trizol,0.0,,,,,06.01.20,H.BROWN,9.0,NEBNextPoly(A)E7490L,E7420L,0.0,random,06.01.20,H.BROWN,9.0,E7420L,False,06.01.20,H.BROWN,9.0,Index1_9,CCGATTA,SIC_Index2_06,AAGCAC,E7420L,False,4422,fullRNASeq,Brent_large_6e_9_GTAC_9_SIC_Index2_06_CCGATTAATC_GACCTTGT_S36_R1_001.fastq.gz,NextSeq,HighOutput,49.3,1.0,3661303.0,
1752,02.12.20,H.BROWN,10,Environmental_Perturbation,TDY451,CNAG_00000,DMEM.37C.CO2.pH7,90,4,,,,,,03.06.20,H.BROWN,10.0,Trizol,0.0,,,,,06.01.20,H.BROWN,10.0,NEBNextPoly(A)E7490L,E7420L,0.0,random,06.01.20,H.BROWN,10.0,E7420L,False,06.01.20,H.BROWN,10.0,Index1_30,CTGGTGG,SIC_Index2_06,AAGCAC,E7420L,False,4422,fullRNASeq,Brent_large_6e_10_GTAC_30_SIC_Index2_06_CTGGTGGATC_GACCTTGT_S37_R1_001.fastq.gz,NextSeq,HighOutput,46.8,1.0,4147778.0,
1754,02.12.20,H.BROWN,11,Environmental_Perturbation,TDY451,CNAG_00000,RPMI.30C.CO2.pH7,90,4,,,,,,03.06.20,H.BROWN,11.0,Trizol,0.0,,,,,06.01.20,H.BROWN,11.0,NEBNextPoly(A)E7490L,E7420L,0.0,random,06.01.20,H.BROWN,11.0,E7420L,False,06.01.20,H.BROWN,11.0,Index1_11,CCATCAT,SIC_Index2_06,AAGCAC,E7420L,False,4422,fullRNASeq,Brent_large_6e_11_GTAC_11_SIC_Index2_06_CCATCATATC_GACCTTGT_S38_R1_001.fastq.gz,NextSeq,HighOutput,48.5,1.0,4077983.0,
1756,02.12.20,H.BROWN,12,Environmental_Perturbation,TDY451,CNAG_00000,RPMI.37C.CO2.pH7,90,4,,,,,,03.06.20,H.BROWN,12.0,Trizol,0.0,,,,,06.01.20,H.BROWN,12.0,NEBNextPoly(A)E7490L,E7420L,0.0,random,06.01.20,H.BROWN,12.0,E7420L,False,06.01.20,H.BROWN,12.0,Index1_31,TGCCCAT,SIC_Index2_06,AAGCAC,E7420L,False,4422,fullRNASeq,Brent_large_6e_12_GTAC_31_SIC_Index2_06_TGCCCATATC_GACCTTGT_S39_R1_001.fastq.gz,NextSeq,HighOutput,29.6,1.0,4010803.0,
1758,02.12.20,H.BROWN,13,Environmental_Perturbation,TDY451,CNAG_00000,YPD.30C.CO2.pH7,90,4,,,,,,03.06.20,H.BROWN,13.0,Trizol,0.0,,,,,06.01.20,H.BROWN,13.0,NEBNextPoly(A)E7490L,E7420L,0.0,random,06.01.20,H.BROWN,13.0,E7420L,False,06.01.20,H.BROWN,13.0,Index1_13,GAGGCGT,SIC_Index2_06,AAGCAC,E7420L,False,4422,fullRNASeq,Brent_large_6e_13_GTAC_13_SIC_Index2_06_GAGGCGTATC_GACCTTGT_S40_R1_001.fastq.gz,NextSeq,HighOutput,1.92,5.0,4748749.0,
1760,02.12.20,H.BROWN,14,Environmental_Perturbation,TDY451,CNAG_00000,YPD.37C.CO2.pH7,90,4,,,,,,03.06.20,H.BROWN,14.0,Trizol,0.0,,,,,06.01.20,H.BROWN,14.0,NEBNextPoly(A)E7490L,E7420L,0.0,random,06.01.20,H.BROWN,14.0,E7420L,False,06.01.20,H.BROWN,14.0,Index1_14,TTTAACT,SIC_Index2_06,AAGCAC,E7420L,False,4422,fullRNASeq,Brent_small_6e_14_GTAC_14_SIC_Index2_06_TTTAACTATC_GACCTTGT_S41_R1_001.fastq.gz,NextSeq,HighOutput,1.08,5.0,4263726.0,
1762,02.12.20,H.BROWN,15,Environmental_Perturbation,TDY451,CNAG_00000,DMEM.30C.CO2.pH7,180,4,,,,,,03.06.20,H.BROWN,15.0,Trizol,0.0,,,,,06.01.20,H.BROWN,15.0,NEBNextPoly(A)E7490L,E7420L,0.0,random,06.01.20,H.BROWN,15.0,E7420L,False,06.01.20,H.BROWN,15.0,Index1_15,GGTCCTC,SIC_Index2_06,AAGCAC,E7420L,False,4422,fullRNASeq,Brent_large_6e_15_GTAC_15_SIC_Index2_06_GGTCCTCATC_GACCTTGT_S42_R1_001.fastq.gz,NextSeq,HighOutput,38.0,1.0,4369441.0,
1764,02.12.20,H.BROWN,16,Environmental_Perturbation,TDY451,CNAG_00000,DMEM.37C.CO2.pH7,180,4,,,,,,03.06.20,H.BROWN,16.0,Trizol,0.0,,,,,06.01.20,H.BROWN,16.0,NEBNextPoly(A)E7490L,E7420L,0.0,random,06.01.20,H.BROWN,16.0,E7420L,False,06.01.20,H.BROWN,16.0,Index1_16,CGGTGGC,SIC_Index2_06,AAGCAC,E7420L,False,4422,fullRNASeq,Brent_large_6e_16_GTAC_16_SIC_Index2_06_CGGTGGCATC_GACCTTGT_S43_R1_001.fastq.gz,NextSeq,HighOutput,62.4,1.0,3996288.0,
1766,02.12.20,H.BROWN,17,Environmental_Perturbation,TDY451,CNAG_00000,RPMI.30C.CO2.pH7,180,4,,,,,,03.06.20,H.BROWN,17.0,Trizol,0.0,,,,,06.01.20,H.BROWN,17.0,NEBNextPoly(A)E7490L,E7420L,0.0,random,06.01.20,H.BROWN,17.0,E7420L,False,06.01.20,H.BROWN,17.0,Index1_17,ACTGTCG,SIC_Index2_06,AAGCAC,E7420L,False,4422,fullRNASeq,Brent_large_6e_17_GTAC_17_SIC_Index2_06_ACTGTCGATC_GACCTTGT_S44_R1_001.fastq.gz,NextSeq,HighOutput,63.3,1.0,4211199.0,
1768,02.12.20,H.BROWN,18,Environmental_Perturbation,TDY451,CNAG_00000,RPMI.37C.CO2.pH7,180,4,,,,,,03.06.20,H.BROWN,18.0,Trizol,0.0,,,,,06.01.20,H.BROWN,18.0,NEBNextPoly(A)E7490L,E7420L,0.0,random,06.01.20,H.BROWN,18.0,E7420L,False,06.01.20,H.BROWN,18.0,Index1_18,GTATTTG,SIC_Index2_06,AAGCAC,E7420L,False,4422,fullRNASeq,Brent_large_6e_18_GTAC_18_SIC_Index2_06_GTATTTGATC_GACCTTGT_S45_R1_001.fastq.gz,NextSeq,HighOutput,45.2,1.0,3936387.0,
1770,02.12.20,H.BROWN,19,Environmental_Perturbation,TDY451,CNAG_00000,YPD.30C.CO2.pH7,180,4,,,,,,03.06.20,H.BROWN,19.0,Trizol,0.0,,,,,06.01.20,H.BROWN,19.0,NEBNextPoly(A)E7490L,E7420L,0.0,random,06.01.20,H.BROWN,19.0,E7420L,False,06.01.20,H.BROWN,19.0,Index1_19,GAGTACG,SIC_Index2_06,AAGCAC,E7420L,False,4422,fullRNASeq,Brent_large_6e_19_GTAC_19_SIC_Index2_06_GAGTACGATC_GACCTTGT_S46_R1_001.fastq.gz,NextSeq,HighOutput,13.2,1.0,4361781.0,
1772,02.12.20,H.BROWN,20,Environmental_Perturbation,TDY451,CNAG_00000,YPD.37C.CO2.pH7,180,4,,,,,,03.06.20,H.BROWN,20.0,Trizol,0.0,,,,,06.01.20,H.BROWN,20.0,NEBNextPoly(A)E7490L,E7420L,0.0,random,06.01.20,H.BROWN,20.0,E7420L,False,06.01.20,H.BROWN,20.0,Index1_20,ACAGATA,SIC_Index2_06,AAGCAC,E7420L,False,4422,fullRNASeq,Brent_large_6e_20_GTAC_20_SIC_Index2_06_ACAGATAATC_GACCTTGT_S47_R1_001.fastq.gz,NextSeq,HighOutput,1.21,5.0,4198321.0,
1774,02.12.20,H.BROWN,21,Environmental_Perturbation,TDY451,CNAG_00000,DMEM.30C.CO2.pH7,1440,4,,,,,,03.06.20,H.BROWN,21.0,Trizol,0.0,,,,,06.01.20,H.BROWN,21.0,NEBNextPoly(A)E7490L,E7420L,0.0,random,06.01.20,H.BROWN,21.0,E7420L,False,06.01.20,H.BROWN,21.0,Index1_21,CTCAATG,SIC_Index2_06,AAGCAC,E7420L,False,4422,fullRNASeq,Brent_small_6e_21_GTAC_21_SIC_Index2_06_CTCAATGATC_GACCTTGT_S48_R1_001.fastq.gz,NextSeq,HighOutput,0.447,5.0,3901716.0,
1776,02.12.20,H.BROWN,22,Environmental_Perturbation,TDY451,CNAG_00000,DMEM.37C.CO2.pH7,1440,4,,,,,,03.06.20,H.BROWN,22.0,Trizol,0.0,,,,,06.01.20,H.BROWN,22.0,NEBNextPoly(A)E7490L,E7420L,0.0,random,06.01.20,H.BROWN,22.0,E7420L,False,06.01.20,H.BROWN,22.0,Index1_22,AAATGCA,SIC_Index2_06,AAGCAC,E7420L,False,4422,fullRNASeq,Brent_small_6e_22_GTAC_22_SIC_Index2_06_AAATGCAATC_GACCTTGT_S49_R1_001.fastq.gz,NextSeq,HighOutput,0.33299999999999996,5.0,2965614.0,
1778,02.12.20,H.BROWN,23,Environmental_Perturbation,TDY451,CNAG_00000,RPMI.30C.CO2.pH7,1440,4,,,,,,03.06.20,H.BROWN,23.0,Trizol,0.0,,,,,06.01.20,H.BROWN,23.0,NEBNextPoly(A)E7490L,E7420L,0.0,random,06.01.20,H.BROWN,23.0,E7420L,False,06.01.20,H.BROWN,23.0,Index1_23,ACGCGGG,SIC_Index2_06,AAGCAC,E7420L,False,4422,fullRNASeq,Brent_large_6e_23_GTAC_23_SIC_Index2_06_ACGCGGGATC_GACCTTGT_S50_R1_001.fastq.gz,NextSeq,HighOutput,3.27,3.058103975535168,4089094.0,
1780,02.12.20,H.BROWN,24,Environmental_Perturbation,TDY451,CNAG_00000,RPMI.37C.CO2.pH7,1440,4,,,,,,03.06.20,H.BROWN,24.0,Trizol,0.0,,,,,06.01.20,H.BROWN,24.0,NEBNextPoly(A)E7490L,E7420L,0.0,random,06.01.20,H.BROWN,24.0,E7420L,False,06.01.20,H.BROWN,24.0,Index1_24,GGAGTCC,SIC_Index2_06,AAGCAC,E7420L,False,4422,fullRNASeq,Brent_large_6e_24_GTAC_24_SIC_Index2_06_GGAGTCCATC_GACCTTGT_S51_R1_001.fastq.gz,NextSeq,HighOutput,4.47,2.237136465324385,4075581.0,
1782,02.12.20,H.BROWN,25,Environmental_Perturbation,TDY451,CNAG_00000,YPD.30C.CO2.pH7,1440,4,,,,,,03.06.20,H.BROWN,25.0,Trizol,0.0,,,,,06.01.20,H.BROWN,25.0,NEBNextPoly(A)E7490L,E7420L,0.0,random,06.01.20,H.BROWN,25.0,E7420L,False,06.01.20,H.BROWN,25.0,Index1_25,CGTCGCT,SIC_Index2_06,AAGCAC,E7420L,False,4422,fullRNASeq,Brent_large_6e_25_GTAC_25_SIC_Index2_06_CGTCGCTATC_GACCTTGT_S52_R1_001.fastq.gz,NextSeq,HighOutput,6.54,1.529051987767584,4760357.0,
1784,02.12.20,H.BROWN,26,Environmental_Perturbation,TDY451,CNAG_00000,YPD.37C.CO2.pH7,1440,4,,,,,,03.06.20,H.BROWN,26.0,Trizol,0.0,,,,,06.01.20,H.BROWN,26.0,NEBNextPoly(A)E7490L,E7420L,0.0,random,06.01.20,H.BROWN,26.0,E7420L,False,06.01.20,H.BROWN,26.0,Index1_26,TCAACTG,SIC_Index2_06,AAGCAC,E7420L,False,4422,fullRNASeq,Brent_large_6e_26_GTAC_26_SIC_Index2_06_TCAACTGATC_GACCTTGT_S53_R1_001.fastq.gz,NextSeq,HighOutput,11.5,1.0,3745930.0,
1907,11.21.19,H.BROWN,1,Environmental_Perturbation,TDY451,CNAG_00000,PBS,0,3,,,,,,12.12.19,H.BROWN,1.0,TRIzol,0.0,,,,,01.10.20,H.BROWN,1.0,E7490L,E7420L,0.0,random,01.10.20,H.BROWN,1.0,E7420L,False,01.10.20,H.BROWN,1.0,Index1_1,TGAGGTT,SIC_Index2_06,AAGCACGT,E7420L,False,4178,fullRNASeq,Brent_5c1_GTAC_1_SIC_Index2_06_TGAGGTT_GACCTTGT_S2_R1_001.fastq.gz,NextSeq,HighOutput,41.8,0.9437341936748317,11295855.0,
1908,11.21.19,H.BROWN,2,Environmental_Perturbation,TDY451,CNAG_00000,PBS,0,3,,,,,,12.12.19,H.BROWN,2.0,TRIzol,0.0,,,,,01.10.20,H.BROWN,2.0,E7490L,E7420L,0.0,random,01.10.20,H.BROWN,2.0,E7420L,False,01.10.20,H.BROWN,2.0,Index1_2,GCTTAGA,SIC_Index2_06,AAGCACGT,E7420L,False,4178,fullRNASeq,Brent_5c2_GTAC_2_SIC_Index2_06_GCTTAGA_GACCTTGT_S3_R1_001.fastq.gz,NextSeq,HighOutput,16.8,0.7779716205845526,14320290.0,
1909,11.21.19,H.BROWN,3,Environmental_Perturbation,TDY451,CNAG_00000,DMEM.30C.CO2.cAMP,30,3,,,,,,12.12.19,H.BROWN,3.0,TRIzol,0.0,,,,,01.10.20,H.BROWN,3.0,E7490L,E7420L,0.0,random,01.10.20,H.BROWN,3.0,E7420L,False,01.10.20,H.BROWN,3.0,Index1_3,ATGACAG,SIC_Index2_06,AAGCACGT,E7420L,False,4178,fullRNASeq,Brent_5c3_GTAC_3_SIC_Index2_06_ATGACAG_GACCTTGT_S4_R1_001.fastq.gz,NextSeq,HighOutput,44.0,0.9664268538853145,14577668.0,
1910,11.21.19,H.BROWN,4,Environmental_Perturbation,TDY451,CNAG_00000,DMEM.37C.CO2.cAMP,30,3,,,,,,12.12.19,H.BROWN,4.0,TRIzol,0.0,,,,,01.10.20,H.BROWN,4.0,E7490L,E7420L,0.0,random,01.10.20,H.BROWN,4.0,E7420L,False,01.10.20,H.BROWN,4.0,Index1_4,CACCTCC,SIC_Index2_06,AAGCACGT,E7420L,False,4178,fullRNASeq,Brent_5c4_GTAC_4_SIC_Index2_06_CACCTCC_GACCTTGT_S5_R1_001.fastq.gz,NextSeq,HighOutput,35.3,0.782498570272289,12115310.0,
1911,11.21.19,H.BROWN,5,Environmental_Perturbation,TDY451,CNAG_00000,RPMI.30C.CO2.cAMP,30,3,,,,,,12.12.19,H.BROWN,5.0,TRIzol,0.0,,,,,01.10.20,H.BROWN,5.0,E7490L,E7420L,0.0,random,01.10.20,H.BROWN,5.0,E7420L,False,01.10.20,H.BROWN,5.0,Index1_5,ATCGAGC,SIC_Index2_06,AAGCACGT,E7420L,False,4178,fullRNASeq,Brent_5c5_GTAC_5_SIC_Index2_06_ATCGAGC_GACCTTGT_S6_R1_001.fastq.gz,NextSeq,HighOutput,69.0,0.9147025301196017,10841856.0,
1912,11.21.19,H.BROWN,6,Environmental_Perturbation,TDY451,CNAG_00000,RPMI.37C.CO2.cAMP,30,3,,,,,,12.12.19,H.BROWN,6.0,TRIzol,0.0,,,,,01.10.20,H.BROWN,6.0,E7490L,E7420L,0.0,random,01.10.20,H.BROWN,6.0,E7420L,False,01.10.20,H.BROWN,6.0,Index1_6,TACTCTA,SIC_Index2_06,AAGCACGT,E7420L,False,4178,fullRNASeq,Brent_5c6_GTAC_6_SIC_Index2_06_TACTCTA_GACCTTGT_S7_R1_001.fastq.gz,NextSeq,HighOutput,17.0,0.6289735918632896,12144022.0,
1913,11.21.19,H.BROWN,7,Environmental_Perturbation,TDY451,CNAG_00000,YPD.30C.CO2.cAMP,30,3,,,,,,12.12.19,H.BROWN,7.0,TRIzol,0.0,,,,,01.10.20,H.BROWN,7.0,E7490L,E7420L,0.0,random,01.10.20,H.BROWN,7.0,E7420L,False,01.10.20,H.BROWN,7.0,Index1_7,AGACTGA,SIC_Index2_06,AAGCACGT,E7420L,False,4178,fullRNASeq,Brent_5c7_GTAC_7_SIC_Index2_06_AGACTGA_GACCTTGT_S8_R1_001.fastq.gz,NextSeq,HighOutput,15.2,0.7278534366234031,13264007.0,
1914,11.21.19,H.BROWN,8,Environmental_Perturbation,TDY451,CNAG_00000,YPD.37C.CO2.cAMP,30,3,,,,,,12.12.19,H.BROWN,8.0,TRIzol,0.0,,,,,01.10.20,H.BROWN,8.0,E7490L,E7420L,0.0,random,01.10.20,H.BROWN,8.0,E7420L,False,01.10.20,H.BROWN,8.0,Index1_8,CTTGGAA,SIC_Index2_06,AAGCACGT,E7420L,False,4178,fullRNASeq,Brent_5c8_GTAC_8_SIC_Index2_06_CTTGGAA_GACCTTGT_S9_R1_001.fastq.gz,NextSeq,HighOutput,7.01,1.0525063655213405,13539175.0,
1915,11.21.19,H.BROWN,9,Environmental_Perturbation,TDY451,CNAG_00000,DMEM.30C.CO2.cAMP,90,3,,,,,,12.12.19,H.BROWN,9.0,TRIzol,0.0,,,,,01.10.20,H.BROWN,9.0,E7490L,E7420L,0.0,random,01.10.20,H.BROWN,9.0,E7420L,False,01.10.20,H.BROWN,9.0,Index1_9,CCGATTA,SIC_Index2_06,AAGCACGT,E7420L,False,4178,fullRNASeq,Brent_5c9_GTAC_9_SIC_Index2_06_CCGATTA_GACCTTGT_S10_R1_001.fastq.gz,NextSeq,HighOutput,22.9,0.927702607574489,10781922.0,
1916,11.21.19,H.BROWN,10,Environmental_Perturbation,TDY451,CNAG_00000,DMEM.37C.CO2.cAMP,90,3,,,,,,12.12.19,H.BROWN,10.0,TRIzol,0.0,,,,,01.10.20,H.BROWN,10.0,E7490L,E7420L,0.0,random,01.10.20,H.BROWN,10.0,E7420L,False,01.10.20,H.BROWN,10.0,Index1_10,GGCAGCG,SIC_Index2_06,AAGCACGT,E7420L,False,4178,fullRNASeq,Brent_5c10_GTAC_10_SIC_Index2_06_GGCAGCG_GACCTTGT_S11_R1_001.fastq.gz,NextSeq,HighOutput,30.0,1.0524407774172397,14477043.0,
1917,11.21.19,H.BROWN,11,Environmental_Perturbation,TDY451,CNAG_00000,RPMI.30C.CO2.cAMP,90,3,,,,,,12.12.19,H.BROWN,11.0,TRIzol,0.0,,,,,01.10.20,H.BROWN,11.0,E7490L,E7420L,0.0,random,01.10.20,H.BROWN,11.0,E7420L,False,01.10.20,H.BROWN,11.0,Index1_11,CCATCAT,SIC_Index2_06,AAGCACGT,E7420L,False,4178,fullRNASeq,Brent_5c11_GTAC_11_SIC_Index2_06_CCATCAT_GACCTTGT_S12_R1_001.fastq.gz,NextSeq,HighOutput,72.4,1.0318570686798922,12194237.0,
1918,11.21.19,H.BROWN,12,Environmental_Perturbation,TDY451,CNAG_00000,RPMI.37C.CO2.cAMP,90,3,,,,,,12.12.19,H.BROWN,12.0,TRIzol,0.0,,,,,01.10.20,H.BROWN,12.0,E7490L,E7420L,0.0,random,01.10.20,H.BROWN,12.0,E7420L,False,01.10.20,H.BROWN,12.0,Index1_12,TAACAAG,SIC_Index2_06,AAGCACGT,E7420L,False,4178,fullRNASeq,Brent_5c12_GTAC_12_SIC_Index2_06_TAACAAG_GACCTTGT_S13_R1_001.fastq.gz,NextSeq,HighOutput,28.3,0.7494627292754179,11389794.0,
1919,11.21.19,H.BROWN,13,Environmental_Perturbation,TDY451,CNAG_00000,YPD.30C.CO2.cAMP,90,3,,,,,,12.12.19,H.BROWN,13.0,TRIzol,0.0,,,,,01.10.20,H.BROWN,13.0,E7490L,E7420L,0.0,random,01.10.20,H.BROWN,13.0,E7420L,False,01.10.20,H.BROWN,13.0,Index1_13,GAGGCGT,SIC_Index2_06,AAGCACGT,E7420L,False,4178,fullRNASeq,Brent_5c13_GTAC_13_SIC_Index2_06_GAGGCGT_GACCTTGT_S14_R1_001.fastq.gz,NextSeq,HighOutput,23.7,0.7693046248759521,11789158.0,
1920,11.21.19,H.BROWN,14,Environmental_Perturbation,TDY451,CNAG_00000,YPD.37C.CO2.cAMP,90,3,,,,,,12.12.19,H.BROWN,14.0,TRIzol,0.0,,,,,01.10.20,H.BROWN,14.0,E7490L,E7420L,0.0,random,01.10.20,H.BROWN,14.0,E7420L,False,01.10.20,H.BROWN,14.0,Index1_14,TTTAACT,SIC_Index2_06,AAGCACGT,E7420L,False,4178,fullRNASeq,Brent_5c14_GTAC_14_SIC_Index2_06_TTTAACT_GACCTTGT_S15_R1_001.fastq.gz,NextSeq,HighOutput,15.6,0.7189877016111665,13067756.0,
1921,11.21.19,H.BROWN,15,Environmental_Perturbation,TDY451,CNAG_00000,DMEM.30C.CO2.cAMP,180,3,,,,,,12.12.19,H.BROWN,15.0,TRIzol,0.0,,,,,01.10.20,H.BROWN,15.0,E7490L,E7420L,0.0,random,01.10.20,H.BROWN,15.0,E7420L,False,01.10.20,H.BROWN,15.0,Index1_15,GGTCCTC,SIC_Index2_06,AAGCACGT,E7420L,False,4178,fullRNASeq,Brent_5c15_GTAC_15_SIC_Index2_06_GGTCCTC_GACCTTGT_S16_R1_001.fastq.gz,NextSeq,HighOutput,46.1,1.1053538871745974,17567359.0,
1922,11.21.19,H.BROWN,16,Environmental_Perturbation,TDY451,CNAG_00000,DMEM.37C.CO2.cAMP,180,3,,,,,,12.12.19,H.BROWN,16.0,TRIzol,0.0,,,,,01.10.20,H.BROWN,16.0,E7490L,E7420L,0.0,random,01.10.20,H.BROWN,16.0,E7420L,False,01.10.20,H.BROWN,16.0,Index1_16,CGGTGGC,SIC_Index2_06,AAGCACGT,E7420L,False,4178,fullRNASeq,Brent_5c16_GTAC_16_SIC_Index2_06_CGGTGGC_GACCTTGT_S17_R1_001.fastq.gz,NextSeq,HighOutput,11.4,0.7594700778328491,11545177.0,
1923,11.21.19,H.BROWN,17,Environmental_Perturbation,TDY451,CNAG_00000,RPMI.30C.CO2.cAMP,180,3,,,,,,12.12.19,H.BROWN,17.0,TRIzol,0.0,,,,,01.10.20,H.BROWN,17.0,E7490L,E7420L,0.0,random,01.10.20,H.BROWN,17.0,E7420L,False,01.10.20,H.BROWN,17.0,Index1_17,ACTGTCG,SIC_Index2_06,AAGCACGT,E7420L,False,4178,fullRNASeq,Brent_5c17_GTAC_17_SIC_Index2_06_ACTGTCG_GACCTTGT_S18_R1_001.fastq.gz,NextSeq,HighOutput,25.8,0.9100945741618447,10728440.0,
1924,11.21.19,H.BROWN,18,Environmental_Perturbation,TDY451,CNAG_00000,RPMI.37C.CO2.cAMP,180,3,,,,,,12.12.19,H.BROWN,18.0,TRIzol,0.0,,,,,01.10.20,H.BROWN,18.0,E7490L,E7420L,0.0,random,01.10.20,H.BROWN,18.0,E7420L,False,01.10.20,H.BROWN,18.0,Index1_18,GTATTTG,SIC_Index2_06,AAGCACGT,E7420L,False,4178,fullRNASeq,Brent_5c18_GTAC_18_SIC_Index2_06_GTATTTG_GACCTTGT_S19_R1_001.fastq.gz,NextSeq,HighOutput,23.2,0.9367891562659005,12148062.0,
1925,11.21.19,H.BROWN,19,Environmental_Perturbation,TDY451,CNAG_00000,YPD.30C.CO2.cAMP,180,3,,,,,,12.12.19,H.BROWN,19.0,TRIzol,0.0,,,,,01.10.20,H.BROWN,19.0,E7490L,E7420L,0.0,random,01.10.20,H.BROWN,19.0,E7420L,False,01.10.20,H.BROWN,19.0,Index1_19,GAGTACG,SIC_Index2_06,AAGCACGT,E7420L,False,4178,fullRNASeq,Brent_5c19_GTAC_19_SIC_Index2_06_GAGTACG_GACCTTGT_S20_R1_001.fastq.gz,NextSeq,HighOutput,25.4,0.9591450941936275,13880375.0,
1926,11.21.19,H.BROWN,20,Environmental_Perturbation,TDY451,CNAG_00000,YPD.37C.CO2.cAMP,180,3,,,,,,12.12.19,H.BROWN,20.0,TRIzol,0.0,,,,,01.10.20,H.BROWN,20.0,E7490L,E7420L,0.0,random,01.10.20,H.BROWN,20.0,E7420L,False,01.10.20,H.BROWN,20.0,Index1_20,ACAGATA,SIC_Index2_06,AAGCACGT,E7420L,False,4178,fullRNASeq,Brent_5c20_GTAC_20_SIC_Index2_06_ACAGATA_GACCTTGT_S21_R1_001.fastq.gz,NextSeq,HighOutput,23.3,0.8815861279816918,13227029.0,
1927,11.21.19,H.BROWN,21,Environmental_Perturbation,TDY451,CNAG_00000,DMEM.30C.CO2.cAMP,1440,3,,,,,,12.12.19,H.BROWN,21.0,TRIzol,0.0,,,,,01.10.20,H.BROWN,21.0,E7490L,E7420L,0.0,random,01.10.20,H.BROWN,21.0,E7420L,False,01.10.20,H.BROWN,21.0,Index1_21,CTCAATG,SIC_Index2_06,AAGCACGT,E7420L,False,4178,fullRNASeq,Brent_5c21_GTAC_21_SIC_Index2_06_CTCAATG_GACCTTGT_S22_R1_001.fastq.gz,NextSeq,HighOutput,0.28300000000000003,30.293324138598532,5191510.0,
1928,11.21.19,H.BROWN,22,Environmental_Perturbation,TDY451,CNAG_00000,DMEM.37C.CO2.cAMP,1440,3,,,,,,12.12.19,H.BROWN,22.0,TRIzol,0.0,,,,,01.10.20,H.BROWN,22.0,E7490L,E7420L,0.0,random,01.10.20,H.BROWN,22.0,E7420L,False,01.10.20,H.BROWN,22.0,Index1_22,AAATGCA,SIC_Index2_06,AAGCACGT,E7420L,False,4178,fullRNASeq,Brent_5c22_GTAC_22_SIC_Index2_06_AAATGCA_GACCTTGT_S23_R1_001.fastq.gz,NextSeq,HighOutput,0.557,7.784964991481054,13590254.0,
1929,11.21.19,H.BROWN,23,Environmental_Perturbation,TDY451,CNAG_00000,RPMI.30C.CO2.cAMP,1440,3,,,,,,12.12.19,H.BROWN,23.0,TRIzol,0.0,,,,,01.10.20,H.BROWN,23.0,E7490L,E7420L,0.0,random,01.10.20,H.BROWN,23.0,E7420L,False,01.10.20,H.BROWN,23.0,Index1_23,ACGCGGG,SIC_Index2_06,AAGCACGT,E7420L,False,4178,fullRNASeq,Brent_5c23_GTAC_23_SIC_Index2_06_ACGCGGG_GACCTTGT_S24_R1_001.fastq.gz,NextSeq,HighOutput,1.0,13.52171964272214,11545393.0,
1930,11.21.19,H.BROWN,24,Environmental_Perturbation,TDY451,CNAG_00000,RPMI.37C.CO2.cAMP,1440,3,,,,,,12.12.19,H.BROWN,24.0,TRIzol,0.0,,,,,01.10.20,H.BROWN,24.0,E7490L,E7420L,0.0,random,01.10.20,H.BROWN,24.0,E7420L,False,01.10.20,H.BROWN,24.0,Index1_24,GGAGTCC,SIC_Index2_06,AAGCACGT,E7420L,False,4178,fullRNASeq,Brent_5c24_GTAC_24_SIC_Index2_06_GGAGTCC_GACCTTGT_S25_R1_001.fastq.gz,NextSeq,HighOutput,5.0,2.9940869793970992,10242360.0,
1931,11.21.19,H.BROWN,25,Environmental_Perturbation,TDY451,CNAG_00000,YPD.30C.CO2.cAMP,1440,3,,,,,,12.12.19,H.BROWN,25.0,TRIzol,0.0,,,,,01.10.20,H.BROWN,25.0,E7490L,E7420L,0.0,random,01.10.20,H.BROWN,25.0,E7420L,False,01.10.20,H.BROWN,25.0,Index1_25,CGTCGCT,SIC_Index2_06,AAGCACGT,E7420L,False,4178,fullRNASeq,Brent_5c25_GTAC_25_SIC_Index2_06_CGTCGCT_GACCTTGT_S26_R1_001.fastq.gz,NextSeq,HighOutput,11.0,0.5433062084357758,12923568.0,
1932,11.21.19,H.BROWN,26,Environmental_Perturbation,TDY451,CNAG_00000,YPD.37C.CO2.cAMP,1440,3,,,,,,12.12.19,H.BROWN,26.0,TRIzol,0.0,,,,,01.10.20,H.BROWN,26.0,E7490L,E7420L,0.0,random,01.10.20,H.BROWN,26.0,E7420L,False,01.10.20,H.BROWN,26.0,Index1_26,TCAACTG,SIC_Index2_06,AAGCACGT,E7420L,False,4178,fullRNASeq,Brent_5c26_GTAC_26_SIC_Index2_06_TCAACTG_GACCTTGT_S27_R1_001.fastq.gz,NextSeq,HighOutput,14.9,0.5173088802530427,15000389.0,
1933,07.24.19,H.BROWN,1,Environmental_Perturbation,TDY451,CNAG_00000,PBS,0,2,,,,,,08.12.19,H.BROWN,27.0,TRIzol,0.0,,,,,08.15.19,H.BROWN,1.0,E7490L,E7420L,0.0,random,08.15.19,H.BROWN,1.0,E7420L,False,08.15.19,H.BROWN,1.0,Index1_1,TGAGGTT,universal,GACCTT,E7420L,False,4040,fullRNASeq,Brent_large_3b-1_GTAC_1_TGAGGTT_universal_S38_R1_001.fastq.gz,NextSeq,HighOutput,34.8,1.2,5345784.0,
1934,07.24.19,H.BROWN,2,Environmental_Perturbation,TDY451,CNAG_00000,PBS,0,2,,,,,,08.12.19,H.BROWN,28.0,TRIzol,0.0,,,,,08.15.19,H.BROWN,2.0,E7490L,E7420L,0.0,random,08.15.19,H.BROWN,2.0,E7420L,False,08.15.19,H.BROWN,2.0,Index1_2,GCTTAGA,universal,GACCTT,E7420L,False,4040,fullRNASeq,Brent_large_3b-2_GTAC_2_GCTTAGA_universal_S39_R1_001.fastq.gz,NextSeq,HighOutput,24.5,1.8,7714663.0,
1935,07.24.19,H.BROWN,3,Environmental_Perturbation,TDY451,CNAG_00000,DMEM.30C.CO2,30,2,,,,,,08.12.19,H.BROWN,29.0,TRIzol,0.0,,,,,08.15.19,H.BROWN,3.0,E7490L,E7420L,0.0,random,08.15.19,H.BROWN,3.0,E7420L,False,08.15.19,H.BROWN,3.0,Index1_3,ATGACAG,universal,GACCTT,E7420L,False,4040,fullRNASeq,Brent_large_3b-3_GTAC_3_ATGACAG_universal_S40_R1_001.fastq.gz,NextSeq,HighOutput,4.84,2.6,7046644.0,
1936,07.24.19,H.BROWN,4,Environmental_Perturbation,TDY451,CNAG_00000,DMEM.37C.CO2,30,2,,,,,,08.12.19,H.BROWN,30.0,TRIzol,0.0,,,,,08.15.19,H.BROWN,4.0,E7490L,E7420L,0.0,random,08.15.19,H.BROWN,4.0,E7420L,False,08.15.19,H.BROWN,4.0,Index1_4,CACCTCC,universal,GACCTT,E7420L,False,4040,fullRNASeq,Brent_large_3b-4_GTAC_4_CACCTCC_universal_S41_R1_001.fastq.gz,NextSeq,HighOutput,2.66,4.6,7034731.0,
1937,07.24.19,H.BROWN,5,Environmental_Perturbation,TDY451,CNAG_00000,RPMI.30C.CO2,30,2,,,,,,08.12.19,H.BROWN,31.0,TRIzol,0.0,,,,,08.15.19,H.BROWN,5.0,E7490L,E7420L,0.0,random,08.15.19,H.BROWN,5.0,E7420L,False,08.15.19,H.BROWN,5.0,Index1_5,ATCGAGC,universal,GACCTT,E7420L,False,4040,fullRNASeq,Brent_large_3b-5_GTAC_5_ATCGAGC_universal_S42_R1_001.fastq.gz,NextSeq,HighOutput,10.6,4.7,7825166.0,
1938,07.24.19,H.BROWN,6,Environmental_Perturbation,TDY451,CNAG_00000,RPMI.37C.CO2,30,2,,,,,,08.12.19,H.BROWN,32.0,TRIzol,0.0,,,,,08.15.19,H.BROWN,6.0,E7490L,E7420L,0.0,random,08.15.19,H.BROWN,6.0,E7420L,False,08.15.19,H.BROWN,6.0,Index1_6,TACTCTA,universal,GACCTT,E7420L,False,4040,fullRNASeq,Brent_large_3b-6_GTAC_6_TACTCTA_universal_S43_R1_001.fastq.gz,NextSeq,HighOutput,3.86,3.2,6552879.0,
1939,07.24.19,H.BROWN,7,Environmental_Perturbation,TDY451,CNAG_00000,YPD.30C.CO2,30,2,,,,,,08.12.19,H.BROWN,33.0,TRIzol,0.0,,,,,08.15.19,H.BROWN,7.0,E7490L,E7420L,0.0,random,08.15.19,H.BROWN,7.0,E7420L,False,08.15.19,H.BROWN,7.0,Index1_7,AGACTGA,universal,GACCTT,E7420L,False,4040,fullRNASeq,Brent_small_3b-7_GTAC_7_AGACTGA_universal_S44_R1_001.fastq.gz,NextSeq,HighOutput,0.7709999999999999,4.4,2053073.0,
1940,07.24.19,H.BROWN,8,Environmental_Perturbation,TDY451,CNAG_00000,YPD.37C.CO2,30,2,,,,,,08.12.19,H.BROWN,34.0,TRIzol,0.0,,,,,08.15.19,H.BROWN,8.0,E7490L,E7420L,0.0,random,08.15.19,H.BROWN,8.0,E7420L,False,08.15.19,H.BROWN,8.0,Index1_8,CTTGGAA,universal,GACCTT,E7420L,False,4040,fullRNASeq,Brent_small_3b-8_GTAC_8_CTTGGAA_universal_S45_R1_001.fastq.gz,NextSeq,HighOutput,0.7290000000000001,8.0,1937568.0,
1941,07.24.19,H.BROWN,9,Environmental_Perturbation,TDY451,CNAG_00000,DMEM.30C.CO2,90,2,,,,,,08.12.19,H.BROWN,35.0,TRIzol,0.0,,,,,08.15.19,H.BROWN,9.0,E7490L,E7420L,0.0,random,08.15.19,H.BROWN,9.0,E7420L,False,08.15.19,H.BROWN,9.0,Index1_9,CCGATTA,universal,GACCTT,E7420L,False,4040,fullRNASeq,Brent_large_3b-9_GTAC_9_CCGATTA_universal_S46_R1_001.fastq.gz,NextSeq,HighOutput,39.2,1.8,6561841.0,
1942,07.24.19,H.BROWN,10,Environmental_Perturbation,TDY451,CNAG_00000,DMEM.37C.CO2,90,2,,,,,,08.12.19,H.BROWN,36.0,TRIzol,0.0,,,,,08.15.19,H.BROWN,10.0,E7490L,E7420L,0.0,random,08.15.19,H.BROWN,10.0,E7420L,False,08.15.19,H.BROWN,10.0,Index1_10,GGCAGCG,universal,GACCTT,E7420L,False,4040,fullRNASeq,Brent_large_3b-10_GTAC_10_GGCAGCG_universal_S47_R1_001.fastq.gz,NextSeq,HighOutput,47.0,2.0,7328354.0,
1943,07.24.19,H.BROWN,11,Environmental_Perturbation,TDY451,CNAG_00000,RPMI.30C.CO2,90,2,,,,,,08.12.19,H.BROWN,37.0,TRIzol,0.0,,,,,08.15.19,H.BROWN,11.0,E7490L,E7420L,0.0,random,08.15.19,H.BROWN,11.0,E7420L,False,08.15.19,H.BROWN,11.0,Index1_11,CCATCAT,universal,GACCTT,E7420L,False,4040,fullRNASeq,Brent_large_3b-11_GTAC_11_CCATCAT_universal_S48_R1_001.fastq.gz,NextSeq,HighOutput,1.71,3.0,12195819.0,
1944,07.24.19,H.BROWN,12,Environmental_Perturbation,TDY451,CNAG_00000,RPMI.37C.CO2,90,2,,,,,,08.12.19,H.BROWN,38.0,TRIzol,0.0,,,,,08.15.19,H.BROWN,12.0,E7490L,E7420L,0.0,random,08.15.19,H.BROWN,12.0,E7420L,False,08.15.19,H.BROWN,12.0,Index1_12,TAACAAG,universal,GACCTT,E7420L,False,4040,fullRNASeq,Brent_large_3b-12_GTAC_12_TAACAAG_universal_S49_R1_001.fastq.gz,NextSeq,HighOutput,14.2,2.3,6692100.0,
1945,07.24.19,H.BROWN,13,Environmental_Perturbation,TDY451,CNAG_00000,YPD.30C.CO2,90,2,,,,,,08.12.19,H.BROWN,39.0,TRIzol,0.0,,,,,08.15.19,H.BROWN,13.0,E7490L,E7420L,0.0,random,08.15.19,H.BROWN,13.0,E7420L,False,08.15.19,H.BROWN,13.0,Index1_13,GAGGCGT,universal,GACCTT,E7420L,False,4040,fullRNASeq,Brent_large_3b-13_GTAC_13_GAGGCGT_universal_S50_R1_001.fastq.gz,NextSeq,HighOutput,2.38,7.2,7378046.0,
1946,07.24.19,H.BROWN,14,Environmental_Perturbation,TDY451,CNAG_00000,YPD.37C.CO2,90,2,,,,,,08.12.19,H.BROWN,40.0,TRIzol,0.0,,,,,08.15.19,H.BROWN,14.0,E7490L,E7420L,0.0,random,08.15.19,H.BROWN,14.0,E7420L,False,08.15.19,H.BROWN,14.0,Index1_14,TTTAACT,universal,GACCTT,E7420L,False,4040,fullRNASeq,Brent_large_3b-14_GTAC_14_TTTAACT_universal_S51_R1_001.fastq.gz,NextSeq,HighOutput,4.09,4.2,5666315.0,
1947,07.24.19,H.BROWN,15,Environmental_Perturbation,TDY451,CNAG_00000,DMEM.30C.CO2,180,2,,,,,,08.12.19,H.BROWN,41.0,TRIzol,0.0,,,,,08.15.19,H.BROWN,15.0,E7490L,E7420L,0.0,random,08.15.19,H.BROWN,15.0,E7420L,False,08.15.19,H.BROWN,15.0,Index1_15,GGTCCTC,universal,GACCTT,E7420L,False,4040,fullRNASeq,Brent_large_3b-15_GTAC_15_GGTCCTC_universal_S52_R1_001.fastq.gz,NextSeq,HighOutput,9.99,1.6,8338282.0,
1948,07.24.19,H.BROWN,16,Environmental_Perturbation,TDY451,CNAG_00000,DMEM.37C.CO2,180,2,,,,,,08.12.19,H.BROWN,42.0,TRIzol,0.0,,,,,08.15.19,H.BROWN,16.0,E7490L,E7420L,0.0,random,08.15.19,H.BROWN,16.0,E7420L,False,08.15.19,H.BROWN,16.0,Index1_16,CGGTGGC,universal,GACCTT,E7420L,False,4040,fullRNASeq,Brent_large_3b-16_GTAC_16_CGGTGGC_universal_S53_R1_001.fastq.gz,NextSeq,HighOutput,25.4,1.8,6956488.0,
1949,07.24.19,H.BROWN,17,Environmental_Perturbation,TDY451,CNAG_00000,RPMI.30C.CO2,180,2,,,,,,08.12.19,H.BROWN,43.0,TRIzol,0.0,,,,,08.15.19,H.BROWN,17.0,E7490L,E7420L,0.0,random,08.15.19,H.BROWN,17.0,E7420L,False,08.15.19,H.BROWN,17.0,Index1_17,ACTGTCG,universal,GACCTT,E7420L,False,4040,fullRNASeq,Brent_large_3b-17_GTAC_17_ACTGTCG_universal_S54_R1_001.fastq.gz,NextSeq,HighOutput,17.0,1.3,7228252.0,
1950,07.24.19,H.BROWN,18,Environmental_Perturbation,TDY451,CNAG_00000,RPMI.37C.CO2,180,2,,,,,,08.12.19,H.BROWN,44.0,TRIzol,0.0,,,,,08.15.19,H.BROWN,18.0,E7490L,E7420L,0.0,random,08.15.19,H.BROWN,18.0,E7420L,False,08.15.19,H.BROWN,18.0,Index1_18,GTATTTG,universal,GACCTT,E7420L,False,4040,fullRNASeq,Brent_large_3b-18_GTAC_18_GTATTTG_universal_S55_R1_001.fastq.gz,NextSeq,HighOutput,4.15,0.8,7816199.0,
1951,07.24.19,H.BROWN,19,Environmental_Perturbation,TDY451,CNAG_00000,YPD.30C.CO2,180,2,,,,,,08.12.19,H.BROWN,45.0,TRIzol,0.0,,,,,08.15.19,H.BROWN,19.0,E7490L,E7420L,0.0,random,08.15.19,H.BROWN,19.0,E7420L,False,08.15.19,H.BROWN,19.0,Index1_19,GAGTACG,universal,GACCTT,E7420L,False,4040,fullRNASeq,Brent_large_3b-19_GTAC_19_GAGTACG_universal_S56_R1_001.fastq.gz,NextSeq,HighOutput,21.3,5.3,2592012.0,
1952,07.24.19,H.BROWN,20,Environmental_Perturbation,TDY451,CNAG_00000,YPD.37C.CO2,180,2,,,,,,08.12.19,H.BROWN,46.0,TRIzol,0.0,,,,,08.15.19,H.BROWN,20.0,E7490L,E7420L,0.0,random,08.15.19,H.BROWN,20.0,E7420L,False,08.15.19,H.BROWN,20.0,Index1_20,ACAGATA,universal,GACCTT,E7420L,False,4040,fullRNASeq,Brent_large_3b-20_GTAC_20_ACAGATA_universal_S57_R1_001.fastq.gz,NextSeq,HighOutput,17.9,1.0,871010.0,
1953,07.24.19,H.BROWN,21,Environmental_Perturbation,TDY451,CNAG_00000,DMEM.30C.CO2,1440,2,,,,,,08.12.19,H.BROWN,47.0,TRIzol,0.0,,,,,08.15.19,H.BROWN,21.0,E7490L,E7420L,0.0,random,08.15.19,H.BROWN,21.0,E7420L,False,08.15.19,H.BROWN,21.0,Index1_21,CTCAATG,universal,GACCTT,E7420L,False,4040,fullRNASeq,Brent_large_3b-21_GTAC_21_CTCAATG_universal_S58_R1_001.fastq.gz,NextSeq,HighOutput,4.39,2.3,1427380.0,
1954,07.24.19,H.BROWN,22,Environmental_Perturbation,TDY451,CNAG_00000,DMEM.37C.CO2,1440,2,,,,,,08.12.19,H.BROWN,48.0,TRIzol,0.0,,,,,08.15.19,H.BROWN,22.0,E7490L,E7420L,0.0,random,08.15.19,H.BROWN,22.0,E7420L,False,08.15.19,H.BROWN,22.0,Index1_22,AAATGCA,universal,GACCTT,E7420L,False,4040,fullRNASeq,Brent_small_3b-22_GTAC_22_AAATGCA_universal_S59_R1_001.fastq.gz,NextSeq,HighOutput,0.521,5.0,2630938.0,
1955,07.24.19,H.BROWN,23,Environmental_Perturbation,TDY451,CNAG_00000,RPMI.30C.CO2,1440,2,,,,,,08.12.19,H.BROWN,49.0,TRIzol,0.0,,,,,08.15.19,H.BROWN,23.0,E7490L,E7420L,0.0,random,08.15.19,H.BROWN,23.0,E7420L,False,08.15.19,H.BROWN,23.0,Index1_23,ACGCGGG,universal,GACCTT,E7420L,False,4040,fullRNASeq,Brent_small_3b-23_GTAC_23_ACGCGGG_universal_S60_R1_001.fastq.gz,NextSeq,HighOutput,0.938,5.0,2737460.0,
1956,07.24.19,H.BROWN,24,Environmental_Perturbation,TDY451,CNAG_00000,RPMI.37C.CO2,1440,2,,,,,,08.12.19,H.BROWN,50.0,TRIzol,0.0,,,,,08.15.19,H.BROWN,24.0,E7490L,E7420L,0.0,random,08.15.19,H.BROWN,24.0,E7420L,False,08.15.19,H.BROWN,24.0,Index1_24,GGAGTCC,universal,GACCTT,E7420L,False,4040,fullRNASeq,Brent_small_3b-24_GTAC_24_GGAGTCC_universal_S61_R1_001.fastq.gz,NextSeq,HighOutput,0.40399999999999997,6.0,4452957.0,
1957,07.24.19,H.BROWN,25,Environmental_Perturbation,TDY451,CNAG_00000,YPD.30C.CO2,1440,2,,,,,,08.12.19,H.BROWN,51.0,TRIzol,0.0,,,,,08.15.19,H.BROWN,25.0,E7490L,E7420L,0.0,random,08.15.19,H.BROWN,25.0,E7420L,False,08.15.19,H.BROWN,25.0,Index1_25,CGTCGCT,universal,GACCTT,E7420L,False,4040,fullRNASeq,Brent_small_3b-25_GTAC_25_CGTCGCT_universal_S62_R1_001.fastq.gz,NextSeq,HighOutput,0.517,0.9,9586974.0,
1958,07.24.19,H.BROWN,26,Environmental_Perturbation,TDY451,CNAG_00000,YPD.37C.CO2,1440,2,,,,,,08.12.19,H.BROWN,52.0,TRIzol,0.0,,,,,08.15.19,H.BROWN,26.0,E7490L,E7420L,0.0,random,08.15.19,H.BROWN,26.0,E7420L,False,08.15.19,H.BROWN,26.0,Index1_26,TCAACTG,universal,GACCTT,E7420L,False,4040,fullRNASeq,Brent_small_3b-26_GTAC_26_TCAACTG_universal_S63_R1_001.fastq.gz,NextSeq,HighOutput,0.632,4.9,6720579.0,
2181,09.17.19,H.BROWN,1,Environmental_Pertubation,TDY451,CNAG_00000,PBS,0,3,,,,,,10.14.19,H.BROWN,1.0,TRIzol,0.0,,,,,01.16.20,H.BROWN,28.0,E7490L,E7420L,0.0,random,01.16.20,H.BROWN,28.0,E7420L,False,01.16.20,H.BROWN,28.0,54,TCGAGAT,SIC_Index2_07,GAGTTGGT,E7420L,False,4178,fullRNASeq,Brent_JR31_GTAC_54_SIC_Index2_07_TCGAGAT_GAGTTGGT_S40_R1_001.fastq.gz,NextSeq,HighOutput,0.457,10.0,3295872.0,
2183,09.17.19,H.BROWN,2,Environmental_Pertubation,TDY451,CNAG_00000,PBS,0,3,,,,,,10.14.19,H.BROWN,2.0,TRIzol,0.0,,,,,01.16.20,H.BROWN,29.0,E7490L,E7420L,0.0,random,01.16.20,H.BROWN,29.0,E7420L,False,01.16.20,H.BROWN,29.0,55,CATTTAG,SIC_Index2_07,GAGTTGGT,E7420L,False,4178,fullRNASeq,Brent_JR32_GTAC_55_SIC_Index2_07_CATTTAG_GAGTTGGT_S41_R1_001.fastq.gz,NextSeq,HighOutput,0.20800000000000002,10.0,601878.0,
2208,09.17.19,H.BROWN,26,Environmental_Pertubation,TDY451,CNAG_00000,YPD.37C.CO2.cAMP,1440,3,,,,,,10.14.19,H.BROWN,26.0,TRIzol,0.0,,,,,01.16.20,H.BROWN,30.0,E7490L,E7420L,0.0,random,01.16.20,H.BROWN,30.0,E7420L,False,01.16.20,H.BROWN,30.0,56,TCCGGGA,SIC_Index2_07,GAGTTGGT,E7420L,False,4178,fullRNASeq,Brent_JR39_GTAC_56_SIC_Index2_07_TCCGGGA_GAGTTGGT_S42_R1_001.fastq.gz,NextSeq,HighOutput,0.184,10.0,494645.0,
2293,11.14.19,H.BROWN,1,Environmental_Perturbation,TDY451,CNAG_00000,PBS,0,1,,,,,,11.25.19,H.BROWN,1.0,TRIzol,0.0,,,,,12.19.19,H.BROWN,1.0,E7490L,E7420L,0.0,random,12.19.19,H.BROWN,1.0,E7420L,False,12.19.19,H.BROWN,1.0,Index1_1,TGAGGTT,SIC_Index2_08,AAGCACGT,E7420L,False,4144,fullRNASeq,Brent_large/Brent_5a-1_GTAC_1_SIC_Index2_08_TGAGGTT_AAGCACGT_S2_R1_001.fastq.gz,NextSeq,HighOutput,28.0,0.967550218694314,7398727.0,
2294,11.14.19,H.BROWN,2,Environmental_Perturbation,TDY451,CNAG_00000,PBS,0,1,,,,,,11.25.19,H.BROWN,2.0,TRIzol,0.0,,,,,12.19.19,H.BROWN,2.0,E7490L,E7420L,0.0,random,12.19.19,H.BROWN,2.0,E7420L,False,12.19.19,H.BROWN,2.0,Index1_2,GCTTAGA,SIC_Index2_08,AAGCACGT,E7420L,False,4144,fullRNASeq,Brent_large/Brent_5a-2_GTAC_2_SIC_Index2_08_GCTTAGA_AAGCACGT_S3_R1_001.fastq.gz,NextSeq,HighOutput,49.2,0.97852754454229,7738807.0,
2295,11.14.19,H.BROWN,3,Environmental_Perturbation,TDY451,CNAG_00000,DMEM.30C,30,1,,,,,,11.25.19,H.BROWN,3.0,TRIzol,0.0,,,,,12.19.19,H.BROWN,3.0,E7490L,E7420L,0.0,random,12.19.19,H.BROWN,3.0,E7420L,False,12.19.19,H.BROWN,3.0,Index1_3,ATGACAG,SIC_Index2_08,AAGCACGT,E7420L,False,4144,fullRNASeq,Brent_large/Brent_5a-3_GTAC_3_SIC_Index2_08_ATGACAG_AAGCACGT_S4_R1_001.fastq.gz,NextSeq,HighOutput,11.1,0.835224094532233,7791399.0,
2296,11.14.19,H.BROWN,4,Environmental_Perturbation,TDY451,CNAG_00000,DMEM.37C,30,1,,,,,,11.25.19,H.BROWN,4.0,TRIzol,0.0,,,,,12.19.19,H.BROWN,4.0,E7490L,E7420L,0.0,random,12.19.19,H.BROWN,4.0,E7420L,False,12.19.19,H.BROWN,4.0,Index1_4,CACCTCC,SIC_Index2_08,AAGCACGT,E7420L,False,4144,fullRNASeq,Brent_large/Brent_5a-4_GTAC_4_SIC_Index2_08_CACCTCC_AAGCACGT_S5_R1_001.fastq.gz,NextSeq,HighOutput,1.98,4.33650656653735,7513811.0,
2297,11.14.19,H.BROWN,5,Environmental_Perturbation,TDY451,CNAG_00000,RPMI.30C,30,1,,,,,,11.25.19,H.BROWN,5.0,TRIzol,0.0,,,,,12.19.19,H.BROWN,5.0,E7490L,E7420L,0.0,random,12.19.19,H.BROWN,5.0,E7420L,False,12.19.19,H.BROWN,5.0,Index1_5,ATCGAGC,SIC_Index2_08,AAGCACGT,E7420L,False,4144,fullRNASeq,Brent_large/Brent_5a-5_GTAC_5_SIC_Index2_08_ATCGAGC_AAGCACGT_S6_R1_001.fastq.gz,NextSeq,HighOutput,6.96,1.46260131364289,7209266.0,
2298,11.14.19,H.BROWN,6,Environmental_Perturbation,TDY451,CNAG_00000,RPMI.37C,30,1,,,,,,11.25.19,H.BROWN,6.0,TRIzol,0.0,,,,,12.19.19,H.BROWN,6.0,E7490L,E7420L,0.0,random,12.19.19,H.BROWN,6.0,E7420L,False,12.19.19,H.BROWN,6.0,Index1_6,TACTCTA,SIC_Index2_08,AAGCACGT,E7420L,False,4144,fullRNASeq,Brent_large/Brent_5a-6_GTAC_6_SIC_Index2_08_TACTCTA_AAGCACGT_S7_R1_001.fastq.gz,NextSeq,HighOutput,44.8,0.972869242985707,7557400.0,
2299,11.14.19,H.BROWN,7,Environmental_Perturbation,TDY451,CNAG_00000,YPD.30C,30,1,,,,,,11.25.19,H.BROWN,7.0,TRIzol,0.0,,,,,12.19.19,H.BROWN,7.0,E7490L,E7420L,0.0,random,12.19.19,H.BROWN,7.0,E7420L,False,12.19.19,H.BROWN,7.0,Index1_7,AGACTGA,SIC_Index2_08,AAGCACGT,E7420L,False,4144,fullRNASeq,Brent_small/Brent_5a-7_GTAC_7_SIC_Index2_08_AGACTGA_AAGCACGT_S8_R1_001.fastq.gz:5700146,NextSeq,HighOutput,0.256,6.56122981434692,5700146.0,
2300,11.14.19,H.BROWN,8,Environmental_Perturbation,TDY451,CNAG_00000,YPD.37C,30,1,,,,,,11.25.19,H.BROWN,8.0,TRIzol,0.0,,,,,12.19.19,H.BROWN,8.0,E7490L,E7420L,0.0,random,12.19.19,H.BROWN,8.0,E7420L,False,12.19.19,H.BROWN,8.0,Index1_8,CTTGGAA,SIC_Index2_08,AAGCACGT,E7420L,False,4144,fullRNASeq,Brent_large/Brent_5a-8_GTAC_8_SIC_Index2_08_CTTGGAA_AAGCACGT_S9_R1_001.fastq.gz,NextSeq,HighOutput,27.5,1.31145358730856,6563888.0,
2301,11.14.19,H.BROWN,9,Environmental_Perturbation,TDY451,CNAG_00000,DMEM.30C,90,1,,,,,,11.25.19,H.BROWN,9.0,TRIzol,0.0,,,,,12.19.19,H.BROWN,9.0,E7490L,E7420L,0.0,random,12.19.19,H.BROWN,9.0,E7420L,False,12.19.19,H.BROWN,9.0,Index1_9,CCGATTA,SIC_Index2_08,AAGCACGT,E7420L,False,4144,fullRNASeq,Brent_large/Brent_5a-9_GTAC_9_SIC_Index2_08_CCGATTA_AAGCACGT_S10_R1_001.fastq.gz,NextSeq,HighOutput,50.3,0.94358979422568,387536.0,
2302,11.14.19,H.BROWN,10,Environmental_Perturbation,TDY451,CNAG_00000,DMEM.37C,90,1,,,,,,11.25.19,H.BROWN,10.0,TRIzol,0.0,,,,,12.19.19,H.BROWN,10.0,E7490L,E7420L,0.0,random,12.19.19,H.BROWN,10.0,E7420L,False,12.19.19,H.BROWN,10.0,Index1_10,GGCAGCG,SIC_Index2_08,AAGCACGT,E7420L,False,4144,fullRNASeq,Brent_large/Brent_5a-10_GTAC_10_SIC_Index2_08_GGCAGCG_AAGCACGT_S11_R1_001.fastq.gz,NextSeq,HighOutput,32.1,1.23383514951196,7407190.0,
2303,11.14.19,H.BROWN,11,Environmental_Perturbation,TDY451,CNAG_00000,RPMI.30C,90,1,,,,,,11.25.19,H.BROWN,11.0,TRIzol,0.0,,,,,12.19.19,H.BROWN,11.0,E7490L,E7420L,0.0,random,12.19.19,H.BROWN,11.0,E7420L,False,12.19.19,H.BROWN,11.0,Index1_11,CCATCAT,SIC_Index2_08,AAGCACGT,E7420L,False,4144,fullRNASeq,Brent_large/Brent_5a-11_GTAC_11_SIC_Index2_08_CCATCAT_AAGCACGT_S12_R1_001.fastq.gz,NextSeq,HighOutput,12.1,0.127314124016797,33180360.0,
2304,11.14.19,H.BROWN,12,Environmental_Perturbation,TDY451,CNAG_00000,RPMI.37C,90,1,,,,,,11.25.19,H.BROWN,12.0,TRIzol,0.0,,,,,12.19.19,H.BROWN,12.0,E7490L,E7420L,0.0,random,12.19.19,H.BROWN,12.0,E7420L,False,12.19.19,H.BROWN,12.0,Index1_12,TAACAAG,SIC_Index2_08,AAGCACGT,E7420L,False,4144,fullRNASeq,Brent_large/Brent_5a-12_GTAC_12_SIC_Index2_08_TAACAAG_AAGCACGT_S13_R1_001.fastq.gz,NextSeq,HighOutput,76.5,1.04317308532006,7363681.0,
2305,11.14.19,H.BROWN,13,Environmental_Perturbation,TDY451,CNAG_00000,YPD.30C,90,1,,,,,,11.25.19,H.BROWN,13.0,TRIzol,0.0,,,,,12.19.19,H.BROWN,13.0,E7490L,E7420L,0.0,random,12.19.19,H.BROWN,13.0,E7420L,False,12.19.19,H.BROWN,13.0,Index1_13,GAGGCGT,SIC_Index2_08,AAGCACGT,E7420L,False,4144,fullRNASeq,Brent_large/Brent_5a-13_GTAC_13_SIC_Index2_08_GAGGCGT_AAGCACGT_S14_R1_001.fastq.gz,NextSeq,HighOutput,132.0,1.18276894895787,7167960.0,
2306,11.14.19,H.BROWN,14,Environmental_Perturbation,TDY451,CNAG_00000,YPD.37C,90,1,,,,,,11.25.19,H.BROWN,14.0,TRIzol,0.0,,,,,12.19.19,H.BROWN,14.0,E7490L,E7420L,0.0,random,12.19.19,H.BROWN,14.0,E7420L,False,12.19.19,H.BROWN,14.0,Index1_14,TTTAACT,SIC_Index2_08,AAGCACGT,E7420L,False,4144,fullRNASeq,Brent_large/Brent_5a-14_GTAC_14_SIC_Index2_08_TTTAACT_AAGCACGT_S15_R1_001.fastq.gz,NextSeq,HighOutput,29.1,1.15470033832769,8133612.0,
2307,11.14.19,H.BROWN,15,Environmental_Perturbation,TDY451,CNAG_00000,DMEM.30C,180,1,,,,,,11.25.19,H.BROWN,15.0,TRIzol,0.0,,,,,12.19.19,H.BROWN,15.0,E7490L,E7420L,0.0,random,12.19.19,H.BROWN,15.0,E7420L,False,12.19.19,H.BROWN,15.0,Index1_15,GGTCCTC,SIC_Index2_08,AAGCACGT,E7420L,False,4144,fullRNASeq,Brent_large/Brent_5a-15_GTAC_15_SIC_Index2_08_GGTCCTC_AAGCACGT_S16_R1_001.fastq.gz,NextSeq,HighOutput,90.4,1.19001544132297,7562359.0,
2308,11.14.19,H.BROWN,16,Environmental_Perturbation,TDY451,CNAG_00000,DMEM.37C,180,1,,,,,,11.25.19,H.BROWN,16.0,TRIzol,0.0,,,,,12.19.19,H.BROWN,16.0,E7490L,E7420L,0.0,random,12.19.19,H.BROWN,16.0,E7420L,False,12.19.19,H.BROWN,16.0,Index1_16,CGGTGGC,SIC_Index2_08,AAGCACGT,E7420L,False,4144,fullRNASeq,Brent_large/Brent_5a-16_GTAC_16_SIC_Index2_08_CGGTGGC_AAGCACGT_S17_R1_001.fastq.gz,NextSeq,HighOutput,37.6,1.28811937240524,7929803.0,
2309,11.14.19,H.BROWN,17,Environmental_Perturbation,TDY451,CNAG_00000,RPMI.30C,180,1,,,,,,11.25.19,H.BROWN,17.0,TRIzol,0.0,,,,,12.19.19,H.BROWN,17.0,E7490L,E7420L,0.0,random,12.19.19,H.BROWN,17.0,E7420L,False,12.19.19,H.BROWN,17.0,Index1_17,ACTGTCG,SIC_Index2_08,AAGCACGT,E7420L,False,4144,fullRNASeq,Brent_large/Brent_5a-17_GTAC_17_SIC_Index2_08_ACTGTCG_AAGCACGT_S18_R1_001.fastq.gz,NextSeq,HighOutput,125.0,1.16500463256449,6362673.0,
2310,11.14.19,H.BROWN,18,Environmental_Perturbation,TDY451,CNAG_00000,RPMI.37C,180,1,,,,,,11.25.19,H.BROWN,18.0,TRIzol,0.0,,,,,12.19.19,H.BROWN,18.0,E7490L,E7420L,0.0,random,12.19.19,H.BROWN,18.0,E7420L,False,12.19.19,H.BROWN,18.0,Index1_18,GTATTTG,SIC_Index2_08,AAGCACGT,E7420L,False,4144,fullRNASeq,Brent_large/Brent_5a-18_GTAC_18_SIC_Index2_08_GTATTTG_AAGCACGT_S19_R1_001.fastq.gz,NextSeq,HighOutput,69.5,1.39900158107396,6995825.0,
2311,11.14.19,H.BROWN,19,Environmental_Perturbation,TDY451,CNAG_00000,YPD.30C,180,1,,,,,,11.25.19,H.BROWN,19.0,TRIzol,0.0,,,,,12.19.19,H.BROWN,19.0,E7490L,E7420L,0.0,random,12.19.19,H.BROWN,19.0,E7420L,False,12.19.19,H.BROWN,19.0,Index1_19,GAGTACG,SIC_Index2_08,AAGCACGT,E7420L,False,4144,fullRNASeq,Brent_large/Brent_5a-19_GTAC_19_SIC_Index2_08_GAGTACG_AAGCACGT_S20_R1_001.fastq.gz,NextSeq,HighOutput,81.4,5.0,46957365.0,
2312,11.14.19,H.BROWN,20,Environmental_Perturbation,TDY451,CNAG_00000,YPD.37C,180,1,,,,,,11.25.19,H.BROWN,20.0,TRIzol,0.0,,,,,12.19.19,H.BROWN,20.0,E7490L,E7420L,0.0,random,12.19.19,H.BROWN,20.0,E7420L,False,12.19.19,H.BROWN,20.0,Index1_20,ACAGATA,SIC_Index2_08,AAGCACGT,E7420L,False,4144,fullRNASeq,Brent_large/Brent_5a-20_GTAC_20_SIC_Index2_08_ACAGATA_AAGCACGT_S21_R1_001.fastq.gz,NextSeq,HighOutput,106.0,1.0482077044577,7695611.0,
2313,11.14.19,H.BROWN,21,Environmental_Perturbation,TDY451,CNAG_00000,DMEM.30C,1440,1,,,,,,11.25.19,H.BROWN,21.0,TRIzol,0.0,,,,,12.19.19,H.BROWN,21.0,E7490L,E7420L,0.0,random,12.19.19,H.BROWN,21.0,E7420L,False,12.19.19,H.BROWN,21.0,Index1_21,CTCAATG,SIC_Index2_08,AAGCACGT,E7420L,False,4144,fullRNASeq,Brent_large/Brent_5a-21_GTAC_21_SIC_Index2_08_CTCAATG_AAGCACGT_S22_R1_001.fastq.gz,NextSeq,HighOutput,22.8,1.30514886642994,7669183.0,
2314,11.14.19,H.BROWN,22,Environmental_Perturbation,TDY451,CNAG_00000,DMEM.37C,1440,1,,,,,,11.25.19,H.BROWN,22.0,TRIzol,0.0,,,,,12.19.19,H.BROWN,22.0,E7490L,E7420L,0.0,random,12.19.19,H.BROWN,22.0,E7420L,False,12.19.19,H.BROWN,22.0,Index1_22,AAATGCA,SIC_Index2_08,AAGCACGT,E7420L,False,4144,fullRNASeq,Brent_large/Brent_5a-22_GTAC_22_SIC_Index2_08_AAATGCA_AAGCACGT_S23_R1_001.fastq.gz,NextSeq,HighOutput,2.46,11.7703151034662,9219705.0,
2315,11.14.19,H.BROWN,23,Environmental_Perturbation,TDY451,CNAG_00000,RPMI.30C,1440,1,,,,,,11.25.19,H.BROWN,23.0,TRIzol,0.0,,,,,12.19.19,H.BROWN,23.0,E7490L,E7420L,0.0,random,12.19.19,H.BROWN,23.0,E7420L,False,12.19.19,H.BROWN,23.0,Index1_23,ACGCGGG,SIC_Index2_08,AAGCACGT,E7420L,False,4144,fullRNASeq,Brent_large/Brent_5a-23_GTAC_23_SIC_Index2_08_ACGCGGG_AAGCACGT_S24_R1_001.fastq.gz,NextSeq,HighOutput,48.9,1.19549389511609,7057920.0,
2316,11.14.19,H.BROWN,24,Environmental_Perturbation,TDY451,CNAG_00000,RPMI.37C,1440,1,,,,,,11.25.19,H.BROWN,24.0,TRIzol,0.0,,,,,12.19.19,H.BROWN,24.0,E7490L,E7420L,0.0,random,12.19.19,H.BROWN,24.0,E7420L,False,12.19.19,H.BROWN,24.0,Index1_24,GGAGTCC,SIC_Index2_08,AAGCACGT,E7420L,False,4144,fullRNASeq,Brent_large/Brent_5a-24_GTAC_24_SIC_Index2_08_GGAGTCC_AAGCACGT_S25_R1_001.fastq.gz,NextSeq,HighOutput,0.9590000000000001,8.87406210534136,7028387.0,
2317,11.14.19,H.BROWN,25,Environmental_Perturbation,TDY451,CNAG_00000,YPD.30C,1440,1,,,,,,11.25.19,H.BROWN,25.0,TRIzol,0.0,,,,,12.19.19,H.BROWN,25.0,E7490L,E7420L,0.0,random,12.19.19,H.BROWN,25.0,E7420L,False,12.19.19,H.BROWN,25.0,Index1_25,CGTCGCT,SIC_Index2_08,AAGCACGT,E7420L,False,4144,fullRNASeq,Brent_large/Brent_5a-25_GTAC_25_SIC_Index2_08_CGTCGCT_AAGCACGT_S26_R1_001.fastq.gz,NextSeq,HighOutput,24.9,1.54893348029046,6908612.0,
2318,11.14.19,H.BROWN,26,Environmental_Perturbation,TDY451,CNAG_00000,YPD.37C,1440,1,,,,,,11.25.19,H.BROWN,26.0,TRIzol,0.0,,,,,12.19.19,H.BROWN,26.0,E7490L,E7420L,0.0,random,12.19.19,H.BROWN,26.0,E7420L,False,12.19.19,H.BROWN,26.0,Index1_26,TCAACTG,SIC_Index2_08,AAGCACGT,E7420L,False,4144,fullRNASeq,Brent_large/Brent_5a-26_GTAC_26_SIC_Index2_08_TCAACTG_AAGCACGT_S27_R1_001.fastq.gz,NextSeq,HighOutput,16.6,1.1739349417719,6772391.0,
